sigma,filename,beam_width,heuristic,length,time_s,feasible
sigma-2,mglcs_10_100_2_0.txt,10,h1,4,0.0061,True
sigma-2,mglcs_10_100_2_0.txt,10,h2,4,0.0105,True
sigma-2,mglcs_10_100_2_0.txt,10,h3,4,0.0083,True
sigma-2,mglcs_10_100_2_0.txt,10,h4,4,0.0075,True
sigma-2,mglcs_10_100_2_0.txt,10,h5,6,0.009,True
sigma-2,mglcs_10_100_2_0.txt,10,h6,4,0.006,True
sigma-2,mglcs_10_100_2_0.txt,10,h7,4,0.006,True
sigma-2,mglcs_10_100_2_0.txt,10,h8,6,0.025,True
sigma-2,mglcs_10_100_2_1.txt,10,h1,3,0.0065,True
sigma-2,mglcs_10_100_2_1.txt,10,h2,3,0.006,True
sigma-2,mglcs_10_100_2_1.txt,10,h3,3,0.0062,True
sigma-2,mglcs_10_100_2_1.txt,10,h4,3,0.006,True
sigma-2,mglcs_10_100_2_1.txt,10,h5,3,0.0071,True
sigma-2,mglcs_10_100_2_1.txt,10,h6,3,0.0054,True
sigma-2,mglcs_10_100_2_1.txt,10,h7,3,0.006,True
sigma-2,mglcs_10_100_2_1.txt,10,h8,3,0.0255,True
sigma-2,mglcs_10_100_2_2.txt,10,h1,6,0.006,True
sigma-2,mglcs_10_100_2_2.txt,10,h2,6,0.0065,True
sigma-2,mglcs_10_100_2_2.txt,10,h3,6,0.005,True
sigma-2,mglcs_10_100_2_2.txt,10,h4,6,0.0064,True
sigma-2,mglcs_10_100_2_2.txt,10,h5,6,0.0085,True
sigma-2,mglcs_10_100_2_2.txt,10,h6,6,0.006,True
sigma-2,mglcs_10_100_2_2.txt,10,h7,6,0.006,True
sigma-2,mglcs_10_100_2_2.txt,10,h8,6,0.0258,True
sigma-2,mglcs_10_100_2_3.txt,10,h1,4,0.0055,True
sigma-2,mglcs_10_100_2_3.txt,10,h2,4,0.006,True
sigma-2,mglcs_10_100_2_3.txt,10,h3,4,0.0055,True
sigma-2,mglcs_10_100_2_3.txt,10,h4,4,0.005,True
sigma-2,mglcs_10_100_2_3.txt,10,h5,4,0.0082,True
sigma-2,mglcs_10_100_2_3.txt,10,h6,4,0.0058,True
sigma-2,mglcs_10_100_2_3.txt,10,h7,4,0.0055,True
sigma-2,mglcs_10_100_2_3.txt,10,h8,4,0.0231,True
sigma-2,mglcs_10_100_2_4.txt,10,h1,5,0.006,True
sigma-2,mglcs_10_100_2_4.txt,10,h2,5,0.0045,True
sigma-2,mglcs_10_100_2_4.txt,10,h3,5,0.005,True
sigma-2,mglcs_10_100_2_4.txt,10,h4,5,0.0045,True
sigma-2,mglcs_10_100_2_4.txt,10,h5,5,0.007,True
sigma-2,mglcs_10_100_2_4.txt,10,h6,5,0.005,True
sigma-2,mglcs_10_100_2_4.txt,10,h7,5,0.005,True
sigma-2,mglcs_10_100_2_4.txt,10,h8,5,0.0195,True
sigma-2,mglcs_10_100_2_5.txt,10,h1,5,0.0071,True
sigma-2,mglcs_10_100_2_5.txt,10,h2,5,0.006,True
sigma-2,mglcs_10_100_2_5.txt,10,h3,5,0.0062,True
sigma-2,mglcs_10_100_2_5.txt,10,h4,5,0.005,True
sigma-2,mglcs_10_100_2_5.txt,10,h5,5,0.0095,True
sigma-2,mglcs_10_100_2_5.txt,10,h6,5,0.0051,True
sigma-2,mglcs_10_100_2_5.txt,10,h7,5,0.006,True
sigma-2,mglcs_10_100_2_5.txt,10,h8,5,0.0252,True
sigma-2,mglcs_10_100_2_6.txt,10,h1,3,0.006,True
sigma-2,mglcs_10_100_2_6.txt,10,h2,3,0.0062,True
sigma-2,mglcs_10_100_2_6.txt,10,h3,3,0.0065,True
sigma-2,mglcs_10_100_2_6.txt,10,h4,3,0.006,True
sigma-2,mglcs_10_100_2_6.txt,10,h5,3,0.0084,True
sigma-2,mglcs_10_100_2_6.txt,10,h6,3,0.0066,True
sigma-2,mglcs_10_100_2_6.txt,10,h7,3,0.006,True
sigma-2,mglcs_10_100_2_6.txt,10,h8,3,0.0291,True
sigma-2,mglcs_10_100_2_7.txt,10,h1,4,0.0072,True
sigma-2,mglcs_10_100_2_7.txt,10,h2,4,0.006,True
sigma-2,mglcs_10_100_2_7.txt,10,h3,4,0.007,True
sigma-2,mglcs_10_100_2_7.txt,10,h4,4,0.0063,True
sigma-2,mglcs_10_100_2_7.txt,10,h5,4,0.0085,True
sigma-2,mglcs_10_100_2_7.txt,10,h6,4,0.007,True
sigma-2,mglcs_10_100_2_7.txt,10,h7,4,0.006,True
sigma-2,mglcs_10_100_2_7.txt,10,h8,4,0.0299,True
sigma-2,mglcs_10_100_2_8.txt,10,h1,3,0.006,True
sigma-2,mglcs_10_100_2_8.txt,10,h2,3,0.0052,True
sigma-2,mglcs_10_100_2_8.txt,10,h3,3,0.006,True
sigma-2,mglcs_10_100_2_8.txt,10,h4,3,0.006,True
sigma-2,mglcs_10_100_2_8.txt,10,h5,3,0.008,True
sigma-2,mglcs_10_100_2_8.txt,10,h6,3,0.005,True
sigma-2,mglcs_10_100_2_8.txt,10,h7,3,0.0061,True
sigma-2,mglcs_10_100_2_8.txt,10,h8,3,0.0279,True
sigma-2,mglcs_10_100_2_9.txt,10,h1,4,0.005,True
sigma-2,mglcs_10_100_2_9.txt,10,h2,4,0.006,True
sigma-2,mglcs_10_100_2_9.txt,10,h3,4,0.0055,True
sigma-2,mglcs_10_100_2_9.txt,10,h4,4,0.0055,True
sigma-2,mglcs_10_100_2_9.txt,10,h5,4,0.007,True
sigma-2,mglcs_10_100_2_9.txt,10,h6,4,0.0065,True
sigma-2,mglcs_10_100_2_9.txt,10,h7,4,0.0055,True
sigma-2,mglcs_10_100_2_9.txt,10,h8,4,0.0311,True
sigma-2,mglcs_10_200_2_0.txt,10,h1,6,0.018,True
sigma-2,mglcs_10_200_2_0.txt,10,h2,4,0.0174,True
sigma-2,mglcs_10_200_2_0.txt,10,h3,6,0.017,True
sigma-2,mglcs_10_200_2_0.txt,10,h4,4,0.0198,True
sigma-2,mglcs_10_200_2_0.txt,10,h5,4,0.0264,True
sigma-2,mglcs_10_200_2_0.txt,10,h6,4,0.0179,True
sigma-2,mglcs_10_200_2_0.txt,10,h7,4,0.0205,True
sigma-2,mglcs_10_200_2_0.txt,10,h8,4,0.153,True
sigma-2,mglcs_10_200_2_1.txt,10,h1,4,0.022,True
sigma-2,mglcs_10_200_2_1.txt,10,h2,5,0.024,True
sigma-2,mglcs_10_200_2_1.txt,10,h3,4,0.022,True
sigma-2,mglcs_10_200_2_1.txt,10,h4,4,0.021,True
sigma-2,mglcs_10_200_2_1.txt,10,h5,4,0.0227,True
sigma-2,mglcs_10_200_2_1.txt,10,h6,4,0.0167,True
sigma-2,mglcs_10_200_2_1.txt,10,h7,5,0.02,True
sigma-2,mglcs_10_200_2_1.txt,10,h8,4,0.1468,True
sigma-2,mglcs_10_200_2_2.txt,10,h1,6,0.0172,True
sigma-2,mglcs_10_200_2_2.txt,10,h2,5,0.0172,True
sigma-2,mglcs_10_200_2_2.txt,10,h3,6,0.0175,True
sigma-2,mglcs_10_200_2_2.txt,10,h4,4,0.0155,True
sigma-2,mglcs_10_200_2_2.txt,10,h5,5,0.0217,True
sigma-2,mglcs_10_200_2_2.txt,10,h6,6,0.017,True
sigma-2,mglcs_10_200_2_2.txt,10,h7,5,0.0161,True
sigma-2,mglcs_10_200_2_2.txt,10,h8,5,0.1143,True
sigma-2,mglcs_10_200_2_3.txt,10,h1,4,0.0165,True
sigma-2,mglcs_10_200_2_3.txt,10,h2,5,0.0165,True
sigma-2,mglcs_10_200_2_3.txt,10,h3,4,0.0175,True
sigma-2,mglcs_10_200_2_3.txt,10,h4,4,0.0175,True
sigma-2,mglcs_10_200_2_3.txt,10,h5,4,0.0221,True
sigma-2,mglcs_10_200_2_3.txt,10,h6,4,0.0162,True
sigma-2,mglcs_10_200_2_3.txt,10,h7,5,0.017,True
sigma-2,mglcs_10_200_2_3.txt,10,h8,4,0.1481,True
sigma-2,mglcs_10_200_2_4.txt,10,h1,6,0.0165,True
sigma-2,mglcs_10_200_2_4.txt,10,h2,6,0.017,True
sigma-2,mglcs_10_200_2_4.txt,10,h3,6,0.0165,True
sigma-2,mglcs_10_200_2_4.txt,10,h4,6,0.0164,True
sigma-2,mglcs_10_200_2_4.txt,10,h5,6,0.021,True
sigma-2,mglcs_10_200_2_4.txt,10,h6,6,0.016,True
sigma-2,mglcs_10_200_2_4.txt,10,h7,6,0.017,True
sigma-2,mglcs_10_200_2_4.txt,10,h8,6,0.1262,True
sigma-2,mglcs_10_200_2_5.txt,10,h1,7,0.016,True
sigma-2,mglcs_10_200_2_5.txt,10,h2,7,0.0163,True
sigma-2,mglcs_10_200_2_5.txt,10,h3,7,0.016,True
sigma-2,mglcs_10_200_2_5.txt,10,h4,7,0.0176,True
sigma-2,mglcs_10_200_2_5.txt,10,h5,5,0.0225,True
sigma-2,mglcs_10_200_2_5.txt,10,h6,7,0.0155,True
sigma-2,mglcs_10_200_2_5.txt,10,h7,7,0.017,True
sigma-2,mglcs_10_200_2_5.txt,10,h8,7,0.1338,True
sigma-2,mglcs_10_200_2_6.txt,10,h1,9,0.0146,True
sigma-2,mglcs_10_200_2_6.txt,10,h2,9,0.0156,True
sigma-2,mglcs_10_200_2_6.txt,10,h3,9,0.015,True
sigma-2,mglcs_10_200_2_6.txt,10,h4,9,0.016,True
sigma-2,mglcs_10_200_2_6.txt,10,h5,7,0.021,True
sigma-2,mglcs_10_200_2_6.txt,10,h6,7,0.0141,True
sigma-2,mglcs_10_200_2_6.txt,10,h7,9,0.015,True
sigma-2,mglcs_10_200_2_6.txt,10,h8,7,0.0968,True
sigma-2,mglcs_10_200_2_7.txt,10,h1,5,0.0165,True
sigma-2,mglcs_10_200_2_7.txt,10,h2,4,0.017,True
sigma-2,mglcs_10_200_2_7.txt,10,h3,5,0.0191,True
sigma-2,mglcs_10_200_2_7.txt,10,h4,5,0.0182,True
sigma-2,mglcs_10_200_2_7.txt,10,h5,4,0.0232,True
sigma-2,mglcs_10_200_2_7.txt,10,h6,8,0.016,True
sigma-2,mglcs_10_200_2_7.txt,10,h7,8,0.0177,True
sigma-2,mglcs_10_200_2_7.txt,10,h8,4,0.1409,True
sigma-2,mglcs_10_200_2_8.txt,10,h1,5,0.0165,True
sigma-2,mglcs_10_200_2_8.txt,10,h2,7,0.0165,True
sigma-2,mglcs_10_200_2_8.txt,10,h3,5,0.0196,True
sigma-2,mglcs_10_200_2_8.txt,10,h4,5,0.0237,True
sigma-2,mglcs_10_200_2_8.txt,10,h5,5,0.0256,True
sigma-2,mglcs_10_200_2_8.txt,10,h6,5,0.0198,True
sigma-2,mglcs_10_200_2_8.txt,10,h7,7,0.0253,True
sigma-2,mglcs_10_200_2_8.txt,10,h8,7,0.1505,True
sigma-2,mglcs_10_200_2_9.txt,10,h1,4,0.0206,True
sigma-2,mglcs_10_200_2_9.txt,10,h2,6,0.0205,True
sigma-2,mglcs_10_200_2_9.txt,10,h3,4,0.018,True
sigma-2,mglcs_10_200_2_9.txt,10,h4,4,0.0173,True
sigma-2,mglcs_10_200_2_9.txt,10,h5,4,0.0258,True
sigma-2,mglcs_10_200_2_9.txt,10,h6,4,0.019,True
sigma-2,mglcs_10_200_2_9.txt,10,h7,6,0.0179,True
sigma-2,mglcs_10_200_2_9.txt,10,h8,4,0.1401,True
sigma-2,mglcs_10_50_2_0.txt,10,h1,4,0.002,True
sigma-2,mglcs_10_50_2_0.txt,10,h2,4,0.0025,True
sigma-2,mglcs_10_50_2_0.txt,10,h3,4,0.002,True
sigma-2,mglcs_10_50_2_0.txt,10,h4,4,0.003,True
sigma-2,mglcs_10_50_2_0.txt,10,h5,4,0.002,True
sigma-2,mglcs_10_50_2_0.txt,10,h6,4,0.002,True
sigma-2,mglcs_10_50_2_0.txt,10,h7,4,0.0022,True
sigma-2,mglcs_10_50_2_0.txt,10,h8,4,0.004,True
sigma-2,mglcs_10_50_2_1.txt,10,h1,3,0.002,True
sigma-2,mglcs_10_50_2_1.txt,10,h2,3,0.003,True
sigma-2,mglcs_10_50_2_1.txt,10,h3,3,0.001,True
sigma-2,mglcs_10_50_2_1.txt,10,h4,3,0.0025,True
sigma-2,mglcs_10_50_2_1.txt,10,h5,3,0.0032,True
sigma-2,mglcs_10_50_2_1.txt,10,h6,3,0.002,True
sigma-2,mglcs_10_50_2_1.txt,10,h7,3,0.002,True
sigma-2,mglcs_10_50_2_1.txt,10,h8,3,0.0055,True
sigma-2,mglcs_10_50_2_2.txt,10,h1,3,0.002,True
sigma-2,mglcs_10_50_2_2.txt,10,h2,3,0.002,True
sigma-2,mglcs_10_50_2_2.txt,10,h3,3,0.002,True
sigma-2,mglcs_10_50_2_2.txt,10,h4,3,0.002,True
sigma-2,mglcs_10_50_2_2.txt,10,h5,3,0.0025,True
sigma-2,mglcs_10_50_2_2.txt,10,h6,3,0.002,True
sigma-2,mglcs_10_50_2_2.txt,10,h7,3,0.002,True
sigma-2,mglcs_10_50_2_2.txt,10,h8,3,0.004,True
sigma-2,mglcs_10_50_2_3.txt,10,h1,6,0.002,True
sigma-2,mglcs_10_50_2_3.txt,10,h2,6,0.0025,True
sigma-2,mglcs_10_50_2_3.txt,10,h3,6,0.002,True
sigma-2,mglcs_10_50_2_3.txt,10,h4,6,0.003,True
sigma-2,mglcs_10_50_2_3.txt,10,h5,6,0.003,True
sigma-2,mglcs_10_50_2_3.txt,10,h6,6,0.0025,True
sigma-2,mglcs_10_50_2_3.txt,10,h7,6,0.002,True
sigma-2,mglcs_10_50_2_3.txt,10,h8,6,0.005,True
sigma-2,mglcs_10_50_2_4.txt,10,h1,3,0.002,True
sigma-2,mglcs_10_50_2_4.txt,10,h2,3,0.003,True
sigma-2,mglcs_10_50_2_4.txt,10,h3,3,0.0011,True
sigma-2,mglcs_10_50_2_4.txt,10,h4,3,0.003,True
sigma-2,mglcs_10_50_2_4.txt,10,h5,3,0.002,True
sigma-2,mglcs_10_50_2_4.txt,10,h6,3,0.002,True
sigma-2,mglcs_10_50_2_4.txt,10,h7,3,0.0034,True
sigma-2,mglcs_10_50_2_4.txt,10,h8,3,0.006,True
sigma-2,mglcs_10_50_2_5.txt,10,h1,4,0.003,True
sigma-2,mglcs_10_50_2_5.txt,10,h2,5,0.002,True
sigma-2,mglcs_10_50_2_5.txt,10,h3,4,0.0015,True
sigma-2,mglcs_10_50_2_5.txt,10,h4,4,0.002,True
sigma-2,mglcs_10_50_2_5.txt,10,h5,4,0.004,True
sigma-2,mglcs_10_50_2_5.txt,10,h6,4,0.001,True
sigma-2,mglcs_10_50_2_5.txt,10,h7,5,0.003,True
sigma-2,mglcs_10_50_2_5.txt,10,h8,5,0.0041,True
sigma-2,mglcs_10_50_2_6.txt,10,h1,4,0.002,True
sigma-2,mglcs_10_50_2_6.txt,10,h2,4,0.002,True
sigma-2,mglcs_10_50_2_6.txt,10,h3,4,0.003,True
sigma-2,mglcs_10_50_2_6.txt,10,h4,4,0.001,True
sigma-2,mglcs_10_50_2_6.txt,10,h5,4,0.0035,True
sigma-2,mglcs_10_50_2_6.txt,10,h6,4,0.002,True
sigma-2,mglcs_10_50_2_6.txt,10,h7,4,0.002,True
sigma-2,mglcs_10_50_2_6.txt,10,h8,4,0.004,True
sigma-2,mglcs_10_50_2_7.txt,10,h1,3,0.002,True
sigma-2,mglcs_10_50_2_7.txt,10,h2,3,0.001,True
sigma-2,mglcs_10_50_2_7.txt,10,h3,3,0.001,True
sigma-2,mglcs_10_50_2_7.txt,10,h4,3,0.002,True
sigma-2,mglcs_10_50_2_7.txt,10,h5,3,0.003,True
sigma-2,mglcs_10_50_2_7.txt,10,h6,3,0.001,True
sigma-2,mglcs_10_50_2_7.txt,10,h7,3,0.0025,True
sigma-2,mglcs_10_50_2_7.txt,10,h8,3,0.005,True
sigma-2,mglcs_10_50_2_8.txt,10,h1,3,0.002,True
sigma-2,mglcs_10_50_2_8.txt,10,h2,3,0.002,True
sigma-2,mglcs_10_50_2_8.txt,10,h3,3,0.002,True
sigma-2,mglcs_10_50_2_8.txt,10,h4,3,0.0015,True
sigma-2,mglcs_10_50_2_8.txt,10,h5,3,0.003,True
sigma-2,mglcs_10_50_2_8.txt,10,h6,3,0.002,True
sigma-2,mglcs_10_50_2_8.txt,10,h7,3,0.002,True
sigma-2,mglcs_10_50_2_8.txt,10,h8,3,0.0055,True
sigma-2,mglcs_10_50_2_9.txt,10,h1,5,0.0025,True
sigma-2,mglcs_10_50_2_9.txt,10,h2,5,0.002,True
sigma-2,mglcs_10_50_2_9.txt,10,h3,5,0.002,True
sigma-2,mglcs_10_50_2_9.txt,10,h4,5,0.002,True
sigma-2,mglcs_10_50_2_9.txt,10,h5,5,0.002,True
sigma-2,mglcs_10_50_2_9.txt,10,h6,5,0.0021,True
sigma-2,mglcs_10_50_2_9.txt,10,h7,5,0.002,True
sigma-2,mglcs_10_50_2_9.txt,10,h8,5,0.004,True
sigma-2,mglcs_2_100_2_0.txt,10,h1,64,0.007,True
sigma-2,mglcs_2_100_2_0.txt,10,h2,66,0.007,True
sigma-2,mglcs_2_100_2_0.txt,10,h3,63,0.0064,True
sigma-2,mglcs_2_100_2_0.txt,10,h4,58,0.005,True
sigma-2,mglcs_2_100_2_0.txt,10,h5,71,0.012,True
sigma-2,mglcs_2_100_2_0.txt,10,h6,70,0.007,True
sigma-2,mglcs_2_100_2_0.txt,10,h7,69,0.0075,True
sigma-2,mglcs_2_100_2_0.txt,10,h8,66,0.0095,True
sigma-2,mglcs_2_100_2_1.txt,10,h1,18,0.0045,True
sigma-2,mglcs_2_100_2_1.txt,10,h2,19,0.004,True
sigma-2,mglcs_2_100_2_1.txt,10,h3,32,0.0035,True
sigma-2,mglcs_2_100_2_1.txt,10,h4,18,0.005,True
sigma-2,mglcs_2_100_2_1.txt,10,h5,19,0.0071,True
sigma-2,mglcs_2_100_2_1.txt,10,h6,18,0.004,True
sigma-2,mglcs_2_100_2_1.txt,10,h7,19,0.0045,True
sigma-2,mglcs_2_100_2_1.txt,10,h8,18,0.006,True
sigma-2,mglcs_2_100_2_2.txt,10,h1,66,0.0045,True
sigma-2,mglcs_2_100_2_2.txt,10,h2,42,0.004,True
sigma-2,mglcs_2_100_2_2.txt,10,h3,67,0.004,True
sigma-2,mglcs_2_100_2_2.txt,10,h4,64,0.0045,True
sigma-2,mglcs_2_100_2_2.txt,10,h5,42,0.005,True
sigma-2,mglcs_2_100_2_2.txt,10,h6,70,0.004,True
sigma-2,mglcs_2_100_2_2.txt,10,h7,70,0.004,True
sigma-2,mglcs_2_100_2_2.txt,10,h8,41,0.0065,True
sigma-2,mglcs_2_100_2_3.txt,10,h1,72,0.006,True
sigma-2,mglcs_2_100_2_3.txt,10,h2,43,0.007,True
sigma-2,mglcs_2_100_2_3.txt,10,h3,41,0.005,True
sigma-2,mglcs_2_100_2_3.txt,10,h4,72,0.0072,True
sigma-2,mglcs_2_100_2_3.txt,10,h5,43,0.0105,True
sigma-2,mglcs_2_100_2_3.txt,10,h6,76,0.0065,True
sigma-2,mglcs_2_100_2_3.txt,10,h7,43,0.006,True
sigma-2,mglcs_2_100_2_3.txt,10,h8,36,0.008,True
sigma-2,mglcs_2_100_2_4.txt,10,h1,47,0.004,True
sigma-2,mglcs_2_100_2_4.txt,10,h2,49,0.0045,True
sigma-2,mglcs_2_100_2_4.txt,10,h3,46,0.005,True
sigma-2,mglcs_2_100_2_4.txt,10,h4,47,0.0055,True
sigma-2,mglcs_2_100_2_4.txt,10,h5,49,0.0071,True
sigma-2,mglcs_2_100_2_4.txt,10,h6,47,0.004,True
sigma-2,mglcs_2_100_2_4.txt,10,h7,49,0.0055,True
sigma-2,mglcs_2_100_2_4.txt,10,h8,43,0.007,True
sigma-2,mglcs_2_100_2_5.txt,10,h1,67,0.006,True
sigma-2,mglcs_2_100_2_5.txt,10,h2,46,0.0052,True
sigma-2,mglcs_2_100_2_5.txt,10,h3,66,0.0045,True
sigma-2,mglcs_2_100_2_5.txt,10,h4,69,0.007,True
sigma-2,mglcs_2_100_2_5.txt,10,h5,39,0.0075,True
sigma-2,mglcs_2_100_2_5.txt,10,h6,61,0.0065,True
sigma-2,mglcs_2_100_2_5.txt,10,h7,46,0.005,True
sigma-2,mglcs_2_100_2_5.txt,10,h8,45,0.0085,True
sigma-2,mglcs_2_100_2_6.txt,10,h1,56,0.005,True
sigma-2,mglcs_2_100_2_6.txt,10,h2,71,0.0072,True
sigma-2,mglcs_2_100_2_6.txt,10,h3,67,0.007,True
sigma-2,mglcs_2_100_2_6.txt,10,h4,56,0.0061,True
sigma-2,mglcs_2_100_2_6.txt,10,h5,73,0.0135,True
sigma-2,mglcs_2_100_2_6.txt,10,h6,74,0.007,True
sigma-2,mglcs_2_100_2_6.txt,10,h7,72,0.0075,True
sigma-2,mglcs_2_100_2_6.txt,10,h8,71,0.0093,True
sigma-2,mglcs_2_100_2_7.txt,10,h1,54,0.0041,True
sigma-2,mglcs_2_100_2_7.txt,10,h2,49,0.004,True
sigma-2,mglcs_2_100_2_7.txt,10,h3,53,0.0075,True
sigma-2,mglcs_2_100_2_7.txt,10,h4,37,0.0065,True
sigma-2,mglcs_2_100_2_7.txt,10,h5,49,0.0105,True
sigma-2,mglcs_2_100_2_7.txt,10,h6,54,0.006,True
sigma-2,mglcs_2_100_2_7.txt,10,h7,49,0.0053,True
sigma-2,mglcs_2_100_2_7.txt,10,h8,49,0.0081,True
sigma-2,mglcs_2_100_2_8.txt,10,h1,72,0.0035,True
sigma-2,mglcs_2_100_2_8.txt,10,h2,72,0.004,True
sigma-2,mglcs_2_100_2_8.txt,10,h3,72,0.002,True
sigma-2,mglcs_2_100_2_8.txt,10,h4,72,0.003,True
sigma-2,mglcs_2_100_2_8.txt,10,h5,69,0.0078,True
sigma-2,mglcs_2_100_2_8.txt,10,h6,74,0.004,True
sigma-2,mglcs_2_100_2_8.txt,10,h7,69,0.004,True
sigma-2,mglcs_2_100_2_8.txt,10,h8,72,0.0055,True
sigma-2,mglcs_2_100_2_9.txt,10,h1,38,0.005,True
sigma-2,mglcs_2_100_2_9.txt,10,h2,47,0.0075,True
sigma-2,mglcs_2_100_2_9.txt,10,h3,46,0.003,True
sigma-2,mglcs_2_100_2_9.txt,10,h4,59,0.0045,True
sigma-2,mglcs_2_100_2_9.txt,10,h5,47,0.01,True
sigma-2,mglcs_2_100_2_9.txt,10,h6,46,0.0061,True
sigma-2,mglcs_2_100_2_9.txt,10,h7,47,0.0065,True
sigma-2,mglcs_2_100_2_9.txt,10,h8,48,0.006,True
sigma-2,mglcs_2_200_2_0.txt,10,h1,89,0.0125,True
sigma-2,mglcs_2_200_2_0.txt,10,h2,62,0.0175,True
sigma-2,mglcs_2_200_2_0.txt,10,h3,88,0.0122,True
sigma-2,mglcs_2_200_2_0.txt,10,h4,89,0.014,True
sigma-2,mglcs_2_200_2_0.txt,10,h5,93,0.022,True
sigma-2,mglcs_2_200_2_0.txt,10,h6,93,0.0135,True
sigma-2,mglcs_2_200_2_0.txt,10,h7,85,0.019,True
sigma-2,mglcs_2_200_2_0.txt,10,h8,90,0.0194,True
sigma-2,mglcs_2_200_2_1.txt,10,h1,49,0.017,True
sigma-2,mglcs_2_200_2_1.txt,10,h2,76,0.0155,True
sigma-2,mglcs_2_200_2_1.txt,10,h3,88,0.0135,True
sigma-2,mglcs_2_200_2_1.txt,10,h4,82,0.0135,True
sigma-2,mglcs_2_200_2_1.txt,10,h5,113,0.0267,True
sigma-2,mglcs_2_200_2_1.txt,10,h6,87,0.0145,True
sigma-2,mglcs_2_200_2_1.txt,10,h7,76,0.017,True
sigma-2,mglcs_2_200_2_1.txt,10,h8,108,0.02,True
sigma-2,mglcs_2_200_2_2.txt,10,h1,89,0.0137,True
sigma-2,mglcs_2_200_2_2.txt,10,h2,94,0.0135,True
sigma-2,mglcs_2_200_2_2.txt,10,h3,90,0.013,True
sigma-2,mglcs_2_200_2_2.txt,10,h4,92,0.014,True
sigma-2,mglcs_2_200_2_2.txt,10,h5,96,0.025,True
sigma-2,mglcs_2_200_2_2.txt,10,h6,50,0.0148,True
sigma-2,mglcs_2_200_2_2.txt,10,h7,96,0.0155,True
sigma-2,mglcs_2_200_2_2.txt,10,h8,48,0.026,True
sigma-2,mglcs_2_200_2_3.txt,10,h1,137,0.0175,True
sigma-2,mglcs_2_200_2_3.txt,10,h2,53,0.0182,True
sigma-2,mglcs_2_200_2_3.txt,10,h3,45,0.0156,True
sigma-2,mglcs_2_200_2_3.txt,10,h4,89,0.017,True
sigma-2,mglcs_2_200_2_3.txt,10,h5,53,0.0285,True
sigma-2,mglcs_2_200_2_3.txt,10,h6,49,0.018,True
sigma-2,mglcs_2_200_2_3.txt,10,h7,54,0.017,True
sigma-2,mglcs_2_200_2_3.txt,10,h8,51,0.0275,True
sigma-2,mglcs_2_200_2_4.txt,10,h1,92,0.015,True
sigma-2,mglcs_2_200_2_4.txt,10,h2,159,0.0204,True
sigma-2,mglcs_2_200_2_4.txt,10,h3,87,0.0155,True
sigma-2,mglcs_2_200_2_4.txt,10,h4,106,0.019,True
sigma-2,mglcs_2_200_2_4.txt,10,h5,159,0.0346,True
sigma-2,mglcs_2_200_2_4.txt,10,h6,156,0.0221,True
sigma-2,mglcs_2_200_2_4.txt,10,h7,84,0.0236,True
sigma-2,mglcs_2_200_2_4.txt,10,h8,152,0.0282,True
sigma-2,mglcs_2_200_2_5.txt,10,h1,135,0.0177,True
sigma-2,mglcs_2_200_2_5.txt,10,h2,60,0.0165,True
sigma-2,mglcs_2_200_2_5.txt,10,h3,94,0.014,True
sigma-2,mglcs_2_200_2_5.txt,10,h4,133,0.0189,True
sigma-2,mglcs_2_200_2_5.txt,10,h5,101,0.0245,True
sigma-2,mglcs_2_200_2_5.txt,10,h6,140,0.02,True
sigma-2,mglcs_2_200_2_5.txt,10,h7,98,0.0201,True
sigma-2,mglcs_2_200_2_5.txt,10,h8,133,0.0302,True
sigma-2,mglcs_2_200_2_6.txt,10,h1,134,0.0163,True
sigma-2,mglcs_2_200_2_6.txt,10,h2,104,0.0161,True
sigma-2,mglcs_2_200_2_6.txt,10,h3,66,0.0134,True
sigma-2,mglcs_2_200_2_6.txt,10,h4,129,0.0145,True
sigma-2,mglcs_2_200_2_6.txt,10,h5,104,0.0195,True
sigma-2,mglcs_2_200_2_6.txt,10,h6,67,0.013,True
sigma-2,mglcs_2_200_2_6.txt,10,h7,104,0.0135,True
sigma-2,mglcs_2_200_2_6.txt,10,h8,76,0.022,True
sigma-2,mglcs_2_200_2_7.txt,10,h1,104,0.0155,True
sigma-2,mglcs_2_200_2_7.txt,10,h2,73,0.017,True
sigma-2,mglcs_2_200_2_7.txt,10,h3,126,0.0155,True
sigma-2,mglcs_2_200_2_7.txt,10,h4,95,0.0155,True
sigma-2,mglcs_2_200_2_7.txt,10,h5,135,0.0322,True
sigma-2,mglcs_2_200_2_7.txt,10,h6,133,0.016,True
sigma-2,mglcs_2_200_2_7.txt,10,h7,73,0.019,True
sigma-2,mglcs_2_200_2_7.txt,10,h8,95,0.0304,True
sigma-2,mglcs_2_200_2_8.txt,10,h1,128,0.0192,True
sigma-2,mglcs_2_200_2_8.txt,10,h2,76,0.017,True
sigma-2,mglcs_2_200_2_8.txt,10,h3,68,0.014,True
sigma-2,mglcs_2_200_2_8.txt,10,h4,128,0.0172,True
sigma-2,mglcs_2_200_2_8.txt,10,h5,138,0.0315,True
sigma-2,mglcs_2_200_2_8.txt,10,h6,137,0.0185,True
sigma-2,mglcs_2_200_2_8.txt,10,h7,71,0.0215,True
sigma-2,mglcs_2_200_2_8.txt,10,h8,130,0.025,True
sigma-2,mglcs_2_200_2_9.txt,10,h1,91,0.0138,True
sigma-2,mglcs_2_200_2_9.txt,10,h2,86,0.0159,True
sigma-2,mglcs_2_200_2_9.txt,10,h3,83,0.0151,True
sigma-2,mglcs_2_200_2_9.txt,10,h4,90,0.016,True
sigma-2,mglcs_2_200_2_9.txt,10,h5,88,0.024,True
sigma-2,mglcs_2_200_2_9.txt,10,h6,88,0.0162,True
sigma-2,mglcs_2_200_2_9.txt,10,h7,86,0.016,True
sigma-2,mglcs_2_200_2_9.txt,10,h8,84,0.025,True
sigma-2,mglcs_2_50_2_0.txt,10,h1,24,0,True
sigma-2,mglcs_2_50_2_0.txt,10,h2,24,0.001,True
sigma-2,mglcs_2_50_2_0.txt,10,h3,24,0.001,True
sigma-2,mglcs_2_50_2_0.txt,10,h4,24,0.001,True
sigma-2,mglcs_2_50_2_0.txt,10,h5,24,0.001,True
sigma-2,mglcs_2_50_2_0.txt,10,h6,24,0,True
sigma-2,mglcs_2_50_2_0.txt,10,h7,24,0.001,True
sigma-2,mglcs_2_50_2_0.txt,10,h8,24,0.002,True
sigma-2,mglcs_2_50_2_1.txt,10,h1,33,0.002,True
sigma-2,mglcs_2_50_2_1.txt,10,h2,34,0.002,True
sigma-2,mglcs_2_50_2_1.txt,10,h3,34,0.0035,True
sigma-2,mglcs_2_50_2_1.txt,10,h4,33,0.003,True
sigma-2,mglcs_2_50_2_1.txt,10,h5,34,0.004,True
sigma-2,mglcs_2_50_2_1.txt,10,h6,34,0.0031,True
sigma-2,mglcs_2_50_2_1.txt,10,h7,34,0.002,True
sigma-2,mglcs_2_50_2_1.txt,10,h8,29,0.003,True
sigma-2,mglcs_2_50_2_2.txt,10,h1,34,0.002,True
sigma-2,mglcs_2_50_2_2.txt,10,h2,21,0.003,True
sigma-2,mglcs_2_50_2_2.txt,10,h3,34,0.001,True
sigma-2,mglcs_2_50_2_2.txt,10,h4,35,0.0025,True
sigma-2,mglcs_2_50_2_2.txt,10,h5,36,0.0035,True
sigma-2,mglcs_2_50_2_2.txt,10,h6,36,0.002,True
sigma-2,mglcs_2_50_2_2.txt,10,h7,36,0.002,True
sigma-2,mglcs_2_50_2_2.txt,10,h8,33,0.0025,True
sigma-2,mglcs_2_50_2_3.txt,10,h1,34,0.002,True
sigma-2,mglcs_2_50_2_3.txt,10,h2,38,0.002,True
sigma-2,mglcs_2_50_2_3.txt,10,h3,38,0.0023,True
sigma-2,mglcs_2_50_2_3.txt,10,h4,34,0.001,True
sigma-2,mglcs_2_50_2_3.txt,10,h5,38,0.004,True
sigma-2,mglcs_2_50_2_3.txt,10,h6,36,0.001,True
sigma-2,mglcs_2_50_2_3.txt,10,h7,38,0.0025,True
sigma-2,mglcs_2_50_2_3.txt,10,h8,36,0.002,True
sigma-2,mglcs_2_50_2_4.txt,10,h1,37,0.001,True
sigma-2,mglcs_2_50_2_4.txt,10,h2,37,0.0015,True
sigma-2,mglcs_2_50_2_4.txt,10,h3,37,0.001,True
sigma-2,mglcs_2_50_2_4.txt,10,h4,37,0.001,True
sigma-2,mglcs_2_50_2_4.txt,10,h5,37,0.002,True
sigma-2,mglcs_2_50_2_4.txt,10,h6,37,0.001,True
sigma-2,mglcs_2_50_2_4.txt,10,h7,37,0.001,True
sigma-2,mglcs_2_50_2_4.txt,10,h8,37,0.001,True
sigma-2,mglcs_2_50_2_5.txt,10,h1,35,0.002,True
sigma-2,mglcs_2_50_2_5.txt,10,h2,36,0.003,True
sigma-2,mglcs_2_50_2_5.txt,10,h3,35,0.0015,True
sigma-2,mglcs_2_50_2_5.txt,10,h4,35,0.002,True
sigma-2,mglcs_2_50_2_5.txt,10,h5,36,0.004,True
sigma-2,mglcs_2_50_2_5.txt,10,h6,35,0.001,True
sigma-2,mglcs_2_50_2_5.txt,10,h7,36,0.0015,True
sigma-2,mglcs_2_50_2_5.txt,10,h8,33,0.003,True
sigma-2,mglcs_2_50_2_6.txt,10,h1,38,0.002,True
sigma-2,mglcs_2_50_2_6.txt,10,h2,38,0.0015,True
sigma-2,mglcs_2_50_2_6.txt,10,h3,37,0.002,True
sigma-2,mglcs_2_50_2_6.txt,10,h4,38,0.002,True
sigma-2,mglcs_2_50_2_6.txt,10,h5,38,0.003,True
sigma-2,mglcs_2_50_2_6.txt,10,h6,38,0.0025,True
sigma-2,mglcs_2_50_2_6.txt,10,h7,38,0.002,True
sigma-2,mglcs_2_50_2_6.txt,10,h8,38,0.002,True
sigma-2,mglcs_2_50_2_7.txt,10,h1,38,0.0035,True
sigma-2,mglcs_2_50_2_7.txt,10,h2,26,0.001,True
sigma-2,mglcs_2_50_2_7.txt,10,h3,38,0.0025,True
sigma-2,mglcs_2_50_2_7.txt,10,h4,38,0.004,True
sigma-2,mglcs_2_50_2_7.txt,10,h5,38,0.003,True
sigma-2,mglcs_2_50_2_7.txt,10,h6,38,0.0025,True
sigma-2,mglcs_2_50_2_7.txt,10,h7,26,0.001,True
sigma-2,mglcs_2_50_2_7.txt,10,h8,36,0.004,True
sigma-2,mglcs_2_50_2_8.txt,10,h1,20,0.0031,True
sigma-2,mglcs_2_50_2_8.txt,10,h2,23,0.0015,True
sigma-2,mglcs_2_50_2_8.txt,10,h3,20,0.0011,True
sigma-2,mglcs_2_50_2_8.txt,10,h4,20,0.001,True
sigma-2,mglcs_2_50_2_8.txt,10,h5,20,0.0024,True
sigma-2,mglcs_2_50_2_8.txt,10,h6,20,0.001,True
sigma-2,mglcs_2_50_2_8.txt,10,h7,20,0.002,True
sigma-2,mglcs_2_50_2_8.txt,10,h8,20,0.002,True
sigma-2,mglcs_2_50_2_9.txt,10,h1,37,0.002,True
sigma-2,mglcs_2_50_2_9.txt,10,h2,38,0.002,True
sigma-2,mglcs_2_50_2_9.txt,10,h3,36,0.002,True
sigma-2,mglcs_2_50_2_9.txt,10,h4,36,0.002,True
sigma-2,mglcs_2_50_2_9.txt,10,h5,38,0.004,True
sigma-2,mglcs_2_50_2_9.txt,10,h6,37,0.002,True
sigma-2,mglcs_2_50_2_9.txt,10,h7,38,0.0025,True
sigma-2,mglcs_2_50_2_9.txt,10,h8,35,0.003,True
sigma-2,mglcs_3_100_2_0.txt,10,h1,32,0.005,True
sigma-2,mglcs_3_100_2_0.txt,10,h2,22,0.006,True
sigma-2,mglcs_3_100_2_0.txt,10,h3,32,0.007,True
sigma-2,mglcs_3_100_2_0.txt,10,h4,32,0.0065,True
sigma-2,mglcs_3_100_2_0.txt,10,h5,37,0.0096,True
sigma-2,mglcs_3_100_2_0.txt,10,h6,36,0.0055,True
sigma-2,mglcs_3_100_2_0.txt,10,h7,28,0.005,True
sigma-2,mglcs_3_100_2_0.txt,10,h8,37,0.0092,True
sigma-2,mglcs_3_100_2_1.txt,10,h1,36,0.0055,True
sigma-2,mglcs_3_100_2_1.txt,10,h2,38,0.0075,True
sigma-2,mglcs_3_100_2_1.txt,10,h3,39,0.006,True
sigma-2,mglcs_3_100_2_1.txt,10,h4,35,0.0062,True
sigma-2,mglcs_3_100_2_1.txt,10,h5,38,0.0105,True
sigma-2,mglcs_3_100_2_1.txt,10,h6,30,0.0065,True
sigma-2,mglcs_3_100_2_1.txt,10,h7,38,0.0075,True
sigma-2,mglcs_3_100_2_1.txt,10,h8,29,0.009,True
sigma-2,mglcs_3_100_2_2.txt,10,h1,27,0.0055,True
sigma-2,mglcs_3_100_2_2.txt,10,h2,26,0.005,True
sigma-2,mglcs_3_100_2_2.txt,10,h3,25,0.005,True
sigma-2,mglcs_3_100_2_2.txt,10,h4,26,0.0055,True
sigma-2,mglcs_3_100_2_2.txt,10,h5,26,0.0065,True
sigma-2,mglcs_3_100_2_2.txt,10,h6,25,0.005,True
sigma-2,mglcs_3_100_2_2.txt,10,h7,26,0.0055,True
sigma-2,mglcs_3_100_2_2.txt,10,h8,25,0.0095,True
sigma-2,mglcs_3_100_2_3.txt,10,h1,33,0.0045,True
sigma-2,mglcs_3_100_2_3.txt,10,h2,36,0.005,True
sigma-2,mglcs_3_100_2_3.txt,10,h3,26,0.0045,True
sigma-2,mglcs_3_100_2_3.txt,10,h4,34,0.004,True
sigma-2,mglcs_3_100_2_3.txt,10,h5,36,0.0075,True
sigma-2,mglcs_3_100_2_3.txt,10,h6,35,0.0045,True
sigma-2,mglcs_3_100_2_3.txt,10,h7,36,0.005,True
sigma-2,mglcs_3_100_2_3.txt,10,h8,33,0.0065,True
sigma-2,mglcs_3_100_2_4.txt,10,h1,46,0.0032,True
sigma-2,mglcs_3_100_2_4.txt,10,h2,34,0.005,True
sigma-2,mglcs_3_100_2_4.txt,10,h3,48,0.003,True
sigma-2,mglcs_3_100_2_4.txt,10,h4,46,0.0035,True
sigma-2,mglcs_3_100_2_4.txt,10,h5,36,0.0085,True
sigma-2,mglcs_3_100_2_4.txt,10,h6,48,0.004,True
sigma-2,mglcs_3_100_2_4.txt,10,h7,46,0.005,True
sigma-2,mglcs_3_100_2_4.txt,10,h8,21,0.0071,True
sigma-2,mglcs_3_100_2_5.txt,10,h1,35,0.006,True
sigma-2,mglcs_3_100_2_5.txt,10,h2,30,0.0064,True
sigma-2,mglcs_3_100_2_5.txt,10,h3,31,0.0055,True
sigma-2,mglcs_3_100_2_5.txt,10,h4,32,0.0069,True
sigma-2,mglcs_3_100_2_5.txt,10,h5,27,0.0099,True
sigma-2,mglcs_3_100_2_5.txt,10,h6,27,0.0055,True
sigma-2,mglcs_3_100_2_5.txt,10,h7,30,0.007,True
sigma-2,mglcs_3_100_2_5.txt,10,h8,30,0.0083,True
sigma-2,mglcs_3_100_2_6.txt,10,h1,55,0.0055,True
sigma-2,mglcs_3_100_2_6.txt,10,h2,57,0.007,True
sigma-2,mglcs_3_100_2_6.txt,10,h3,54,0.0064,True
sigma-2,mglcs_3_100_2_6.txt,10,h4,57,0.0075,True
sigma-2,mglcs_3_100_2_6.txt,10,h5,57,0.009,True
sigma-2,mglcs_3_100_2_6.txt,10,h6,27,0.0061,True
sigma-2,mglcs_3_100_2_6.txt,10,h7,28,0.0055,True
sigma-2,mglcs_3_100_2_6.txt,10,h8,41,0.007,True
sigma-2,mglcs_3_100_2_7.txt,10,h1,23,0.003,True
sigma-2,mglcs_3_100_2_7.txt,10,h2,35,0.004,True
sigma-2,mglcs_3_100_2_7.txt,10,h3,41,0.004,True
sigma-2,mglcs_3_100_2_7.txt,10,h4,24,0.003,True
sigma-2,mglcs_3_100_2_7.txt,10,h5,24,0.0055,True
sigma-2,mglcs_3_100_2_7.txt,10,h6,25,0.004,True
sigma-2,mglcs_3_100_2_7.txt,10,h7,35,0.0045,True
sigma-2,mglcs_3_100_2_7.txt,10,h8,22,0.009,True
sigma-2,mglcs_3_100_2_8.txt,10,h1,24,0.0042,True
sigma-2,mglcs_3_100_2_8.txt,10,h2,26,0.004,True
sigma-2,mglcs_3_100_2_8.txt,10,h3,24,0.003,True
sigma-2,mglcs_3_100_2_8.txt,10,h4,24,0.004,True
sigma-2,mglcs_3_100_2_8.txt,10,h5,24,0.005,True
sigma-2,mglcs_3_100_2_8.txt,10,h6,24,0.0041,True
sigma-2,mglcs_3_100_2_8.txt,10,h7,26,0.004,True
sigma-2,mglcs_3_100_2_8.txt,10,h8,24,0.0082,True
sigma-2,mglcs_3_100_2_9.txt,10,h1,24,0.006,True
sigma-2,mglcs_3_100_2_9.txt,10,h2,26,0.006,True
sigma-2,mglcs_3_100_2_9.txt,10,h3,24,0.006,True
sigma-2,mglcs_3_100_2_9.txt,10,h4,41,0.0065,True
sigma-2,mglcs_3_100_2_9.txt,10,h5,26,0.0095,True
sigma-2,mglcs_3_100_2_9.txt,10,h6,42,0.005,True
sigma-2,mglcs_3_100_2_9.txt,10,h7,26,0.0062,True
sigma-2,mglcs_3_100_2_9.txt,10,h8,30,0.0085,True
sigma-2,mglcs_3_200_2_0.txt,10,h1,65,0.0155,True
sigma-2,mglcs_3_200_2_0.txt,10,h2,65,0.017,True
sigma-2,mglcs_3_200_2_0.txt,10,h3,67,0.0159,True
sigma-2,mglcs_3_200_2_0.txt,10,h4,46,0.0171,True
sigma-2,mglcs_3_200_2_0.txt,10,h5,48,0.0249,True
sigma-2,mglcs_3_200_2_0.txt,10,h6,70,0.0165,True
sigma-2,mglcs_3_200_2_0.txt,10,h7,35,0.018,True
sigma-2,mglcs_3_200_2_0.txt,10,h8,66,0.0295,True
sigma-2,mglcs_3_200_2_1.txt,10,h1,69,0.0145,True
sigma-2,mglcs_3_200_2_1.txt,10,h2,62,0.0153,True
sigma-2,mglcs_3_200_2_1.txt,10,h3,43,0.0155,True
sigma-2,mglcs_3_200_2_1.txt,10,h4,41,0.016,True
sigma-2,mglcs_3_200_2_1.txt,10,h5,51,0.022,True
sigma-2,mglcs_3_200_2_1.txt,10,h6,50,0.014,True
sigma-2,mglcs_3_200_2_1.txt,10,h7,62,0.0152,True
sigma-2,mglcs_3_200_2_1.txt,10,h8,70,0.0286,True
sigma-2,mglcs_3_200_2_2.txt,10,h1,52,0.0135,True
sigma-2,mglcs_3_200_2_2.txt,10,h2,50,0.0176,True
sigma-2,mglcs_3_200_2_2.txt,10,h3,67,0.0141,True
sigma-2,mglcs_3_200_2_2.txt,10,h4,52,0.017,True
sigma-2,mglcs_3_200_2_2.txt,10,h5,42,0.0245,True
sigma-2,mglcs_3_200_2_2.txt,10,h6,37,0.012,True
sigma-2,mglcs_3_200_2_2.txt,10,h7,46,0.0145,True
sigma-2,mglcs_3_200_2_2.txt,10,h8,33,0.0392,True
sigma-2,mglcs_3_200_2_3.txt,10,h1,39,0.015,True
sigma-2,mglcs_3_200_2_3.txt,10,h2,40,0.0127,True
sigma-2,mglcs_3_200_2_3.txt,10,h3,39,0.0115,True
sigma-2,mglcs_3_200_2_3.txt,10,h4,37,0.0115,True
sigma-2,mglcs_3_200_2_3.txt,10,h5,42,0.0216,True
sigma-2,mglcs_3_200_2_3.txt,10,h6,42,0.0125,True
sigma-2,mglcs_3_200_2_3.txt,10,h7,40,0.013,True
sigma-2,mglcs_3_200_2_3.txt,10,h8,39,0.0426,True
sigma-2,mglcs_3_200_2_4.txt,10,h1,89,0.0135,True
sigma-2,mglcs_3_200_2_4.txt,10,h2,46,0.0135,True
sigma-2,mglcs_3_200_2_4.txt,10,h3,46,0.0129,True
sigma-2,mglcs_3_200_2_4.txt,10,h4,89,0.014,True
sigma-2,mglcs_3_200_2_4.txt,10,h5,46,0.0193,True
sigma-2,mglcs_3_200_2_4.txt,10,h6,91,0.0142,True
sigma-2,mglcs_3_200_2_4.txt,10,h7,73,0.0143,True
sigma-2,mglcs_3_200_2_4.txt,10,h8,77,0.0383,True
sigma-2,mglcs_3_200_2_5.txt,10,h1,31,0.0122,True
sigma-2,mglcs_3_200_2_5.txt,10,h2,27,0.0107,True
sigma-2,mglcs_3_200_2_5.txt,10,h3,31,0.0129,True
sigma-2,mglcs_3_200_2_5.txt,10,h4,31,0.0111,True
sigma-2,mglcs_3_200_2_5.txt,10,h5,31,0.017,True
sigma-2,mglcs_3_200_2_5.txt,10,h6,31,0.0105,True
sigma-2,mglcs_3_200_2_5.txt,10,h7,31,0.0122,True
sigma-2,mglcs_3_200_2_5.txt,10,h8,27,0.031,True
sigma-2,mglcs_3_200_2_6.txt,10,h1,27,0.0135,True
sigma-2,mglcs_3_200_2_6.txt,10,h2,27,0.012,True
sigma-2,mglcs_3_200_2_6.txt,10,h3,24,0.0134,True
sigma-2,mglcs_3_200_2_6.txt,10,h4,24,0.0145,True
sigma-2,mglcs_3_200_2_6.txt,10,h5,27,0.019,True
sigma-2,mglcs_3_200_2_6.txt,10,h6,24,0.0138,True
sigma-2,mglcs_3_200_2_6.txt,10,h7,42,0.013,True
sigma-2,mglcs_3_200_2_6.txt,10,h8,31,0.0364,True
sigma-2,mglcs_3_200_2_7.txt,10,h1,42,0.0105,True
sigma-2,mglcs_3_200_2_7.txt,10,h2,22,0.016,True
sigma-2,mglcs_3_200_2_7.txt,10,h3,42,0.0125,True
sigma-2,mglcs_3_200_2_7.txt,10,h4,42,0.013,True
sigma-2,mglcs_3_200_2_7.txt,10,h5,24,0.0241,True
sigma-2,mglcs_3_200_2_7.txt,10,h6,22,0.0141,True
sigma-2,mglcs_3_200_2_7.txt,10,h7,22,0.0147,True
sigma-2,mglcs_3_200_2_7.txt,10,h8,26,0.0341,True
sigma-2,mglcs_3_200_2_8.txt,10,h1,44,0.0171,True
sigma-2,mglcs_3_200_2_8.txt,10,h2,26,0.0171,True
sigma-2,mglcs_3_200_2_8.txt,10,h3,42,0.015,True
sigma-2,mglcs_3_200_2_8.txt,10,h4,26,0.019,True
sigma-2,mglcs_3_200_2_8.txt,10,h5,27,0.0295,True
sigma-2,mglcs_3_200_2_8.txt,10,h6,65,0.0148,True
sigma-2,mglcs_3_200_2_8.txt,10,h7,26,0.019,True
sigma-2,mglcs_3_200_2_8.txt,10,h8,50,0.0285,True
sigma-2,mglcs_3_200_2_9.txt,10,h1,35,0.0105,True
sigma-2,mglcs_3_200_2_9.txt,10,h2,47,0.0141,True
sigma-2,mglcs_3_200_2_9.txt,10,h3,57,0.0105,True
sigma-2,mglcs_3_200_2_9.txt,10,h4,35,0.0117,True
sigma-2,mglcs_3_200_2_9.txt,10,h5,74,0.02,True
sigma-2,mglcs_3_200_2_9.txt,10,h6,75,0.014,True
sigma-2,mglcs_3_200_2_9.txt,10,h7,52,0.0139,True
sigma-2,mglcs_3_200_2_9.txt,10,h8,42,0.0424,True
sigma-2,mglcs_3_50_2_0.txt,10,h1,28,0.002,True
sigma-2,mglcs_3_50_2_0.txt,10,h2,30,0.003,True
sigma-2,mglcs_3_50_2_0.txt,10,h3,27,0.0022,True
sigma-2,mglcs_3_50_2_0.txt,10,h4,26,0.002,True
sigma-2,mglcs_3_50_2_0.txt,10,h5,30,0.004,True
sigma-2,mglcs_3_50_2_0.txt,10,h6,28,0.0025,True
sigma-2,mglcs_3_50_2_0.txt,10,h7,30,0.003,True
sigma-2,mglcs_3_50_2_0.txt,10,h8,27,0.004,True
sigma-2,mglcs_3_50_2_1.txt,10,h1,16,0.002,True
sigma-2,mglcs_3_50_2_1.txt,10,h2,17,0.002,True
sigma-2,mglcs_3_50_2_1.txt,10,h3,17,0.002,True
sigma-2,mglcs_3_50_2_1.txt,10,h4,16,0.0021,True
sigma-2,mglcs_3_50_2_1.txt,10,h5,16,0.003,True
sigma-2,mglcs_3_50_2_1.txt,10,h6,17,0.002,True
sigma-2,mglcs_3_50_2_1.txt,10,h7,17,0.002,True
sigma-2,mglcs_3_50_2_1.txt,10,h8,17,0.0015,True
sigma-2,mglcs_3_50_2_2.txt,10,h1,31,0.002,True
sigma-2,mglcs_3_50_2_2.txt,10,h2,25,0.0025,True
sigma-2,mglcs_3_50_2_2.txt,10,h3,32,0.003,True
sigma-2,mglcs_3_50_2_2.txt,10,h4,31,0.004,True
sigma-2,mglcs_3_50_2_2.txt,10,h5,32,0.0041,True
sigma-2,mglcs_3_50_2_2.txt,10,h6,30,0.003,True
sigma-2,mglcs_3_50_2_2.txt,10,h7,32,0.002,True
sigma-2,mglcs_3_50_2_2.txt,10,h8,32,0.0035,True
sigma-2,mglcs_3_50_2_3.txt,10,h1,19,0.002,True
sigma-2,mglcs_3_50_2_3.txt,10,h2,21,0.0015,True
sigma-2,mglcs_3_50_2_3.txt,10,h3,21,0.001,True
sigma-2,mglcs_3_50_2_3.txt,10,h4,20,0.002,True
sigma-2,mglcs_3_50_2_3.txt,10,h5,21,0.0035,True
sigma-2,mglcs_3_50_2_3.txt,10,h6,21,0.001,True
sigma-2,mglcs_3_50_2_3.txt,10,h7,21,0.001,True
sigma-2,mglcs_3_50_2_3.txt,10,h8,19,0.003,True
sigma-2,mglcs_3_50_2_4.txt,10,h1,32,0.0015,True
sigma-2,mglcs_3_50_2_4.txt,10,h2,26,0.003,True
sigma-2,mglcs_3_50_2_4.txt,10,h3,32,0.002,True
sigma-2,mglcs_3_50_2_4.txt,10,h4,17,0.002,True
sigma-2,mglcs_3_50_2_4.txt,10,h5,26,0.0035,True
sigma-2,mglcs_3_50_2_4.txt,10,h6,33,0.003,True
sigma-2,mglcs_3_50_2_4.txt,10,h7,26,0.002,True
sigma-2,mglcs_3_50_2_4.txt,10,h8,28,0.004,True
sigma-2,mglcs_3_50_2_5.txt,10,h1,16,0.002,True
sigma-2,mglcs_3_50_2_5.txt,10,h2,16,0.0015,True
sigma-2,mglcs_3_50_2_5.txt,10,h3,16,0.002,True
sigma-2,mglcs_3_50_2_5.txt,10,h4,16,0.002,True
sigma-2,mglcs_3_50_2_5.txt,10,h5,16,0.002,True
sigma-2,mglcs_3_50_2_5.txt,10,h6,16,0.002,True
sigma-2,mglcs_3_50_2_5.txt,10,h7,16,0.002,True
sigma-2,mglcs_3_50_2_5.txt,10,h8,16,0.0031,True
sigma-2,mglcs_3_50_2_6.txt,10,h1,29,0.0025,True
sigma-2,mglcs_3_50_2_6.txt,10,h2,30,0.002,True
sigma-2,mglcs_3_50_2_6.txt,10,h3,29,0.003,True
sigma-2,mglcs_3_50_2_6.txt,10,h4,28,0.002,True
sigma-2,mglcs_3_50_2_6.txt,10,h5,30,0.0045,True
sigma-2,mglcs_3_50_2_6.txt,10,h6,30,0.003,True
sigma-2,mglcs_3_50_2_6.txt,10,h7,17,0.003,True
sigma-2,mglcs_3_50_2_6.txt,10,h8,27,0.0025,True
sigma-2,mglcs_3_50_2_7.txt,10,h1,19,0.001,True
sigma-2,mglcs_3_50_2_7.txt,10,h2,19,0.0015,True
sigma-2,mglcs_3_50_2_7.txt,10,h3,19,0.002,True
sigma-2,mglcs_3_50_2_7.txt,10,h4,19,0.001,True
sigma-2,mglcs_3_50_2_7.txt,10,h5,19,0.002,True
sigma-2,mglcs_3_50_2_7.txt,10,h6,19,0.0015,True
sigma-2,mglcs_3_50_2_7.txt,10,h7,19,0.002,True
sigma-2,mglcs_3_50_2_7.txt,10,h8,19,0.0025,True
sigma-2,mglcs_3_50_2_8.txt,10,h1,19,0.002,True
sigma-2,mglcs_3_50_2_8.txt,10,h2,22,0.002,True
sigma-2,mglcs_3_50_2_8.txt,10,h3,22,0.001,True
sigma-2,mglcs_3_50_2_8.txt,10,h4,23,0.002,True
sigma-2,mglcs_3_50_2_8.txt,10,h5,24,0.003,True
sigma-2,mglcs_3_50_2_8.txt,10,h6,24,0.002,True
sigma-2,mglcs_3_50_2_8.txt,10,h7,23,0.0025,True
sigma-2,mglcs_3_50_2_8.txt,10,h8,21,0.002,True
sigma-2,mglcs_3_50_2_9.txt,10,h1,10,0.0015,True
sigma-2,mglcs_3_50_2_9.txt,10,h2,16,0.002,True
sigma-2,mglcs_3_50_2_9.txt,10,h3,10,0.002,True
sigma-2,mglcs_3_50_2_9.txt,10,h4,10,0.001,True
sigma-2,mglcs_3_50_2_9.txt,10,h5,16,0.003,True
sigma-2,mglcs_3_50_2_9.txt,10,h6,12,0.0015,True
sigma-2,mglcs_3_50_2_9.txt,10,h7,11,0.002,True
sigma-2,mglcs_3_50_2_9.txt,10,h8,11,0.002,True
sigma-2,mglcs_5_100_2_0.txt,10,h1,11,0.003,True
sigma-2,mglcs_5_100_2_0.txt,10,h2,11,0.003,True
sigma-2,mglcs_5_100_2_0.txt,10,h3,11,0.0045,True
sigma-2,mglcs_5_100_2_0.txt,10,h4,12,0.003,True
sigma-2,mglcs_5_100_2_0.txt,10,h5,11,0.0055,True
sigma-2,mglcs_5_100_2_0.txt,10,h6,11,0.004,True
sigma-2,mglcs_5_100_2_0.txt,10,h7,11,0.003,True
sigma-2,mglcs_5_100_2_0.txt,10,h8,12,0.0115,True
sigma-2,mglcs_5_100_2_1.txt,10,h1,17,0.0035,True
sigma-2,mglcs_5_100_2_1.txt,10,h2,19,0.003,True
sigma-2,mglcs_5_100_2_1.txt,10,h3,17,0.004,True
sigma-2,mglcs_5_100_2_1.txt,10,h4,17,0.0044,True
sigma-2,mglcs_5_100_2_1.txt,10,h5,19,0.006,True
sigma-2,mglcs_5_100_2_1.txt,10,h6,17,0.0035,True
sigma-2,mglcs_5_100_2_1.txt,10,h7,19,0.005,True
sigma-2,mglcs_5_100_2_1.txt,10,h8,19,0.0082,True
sigma-2,mglcs_5_100_2_2.txt,10,h1,12,0.003,True
sigma-2,mglcs_5_100_2_2.txt,10,h2,12,0.003,True
sigma-2,mglcs_5_100_2_2.txt,10,h3,12,0.0035,True
sigma-2,mglcs_5_100_2_2.txt,10,h4,12,0.004,True
sigma-2,mglcs_5_100_2_2.txt,10,h5,12,0.0055,True
sigma-2,mglcs_5_100_2_2.txt,10,h6,12,0.004,True
sigma-2,mglcs_5_100_2_2.txt,10,h7,12,0.004,True
sigma-2,mglcs_5_100_2_2.txt,10,h8,12,0.012,True
sigma-2,mglcs_5_100_2_3.txt,10,h1,25,0.0075,True
sigma-2,mglcs_5_100_2_3.txt,10,h2,25,0.0078,True
sigma-2,mglcs_5_100_2_3.txt,10,h3,25,0.006,True
sigma-2,mglcs_5_100_2_3.txt,10,h4,25,0.0045,True
sigma-2,mglcs_5_100_2_3.txt,10,h5,26,0.0085,True
sigma-2,mglcs_5_100_2_3.txt,10,h6,25,0.004,True
sigma-2,mglcs_5_100_2_3.txt,10,h7,25,0.0045,True
sigma-2,mglcs_5_100_2_3.txt,10,h8,19,0.0145,True
sigma-2,mglcs_5_100_2_4.txt,10,h1,11,0.0051,True
sigma-2,mglcs_5_100_2_4.txt,10,h2,11,0.0043,True
sigma-2,mglcs_5_100_2_4.txt,10,h3,11,0.005,True
sigma-2,mglcs_5_100_2_4.txt,10,h4,11,0.0055,True
sigma-2,mglcs_5_100_2_4.txt,10,h5,11,0.007,True
sigma-2,mglcs_5_100_2_4.txt,10,h6,11,0.0045,True
sigma-2,mglcs_5_100_2_4.txt,10,h7,11,0.004,True
sigma-2,mglcs_5_100_2_4.txt,10,h8,11,0.0122,True
sigma-2,mglcs_5_100_2_5.txt,10,h1,10,0.0035,True
sigma-2,mglcs_5_100_2_5.txt,10,h2,10,0.003,True
sigma-2,mglcs_5_100_2_5.txt,10,h3,10,0.003,True
sigma-2,mglcs_5_100_2_5.txt,10,h4,10,0.0042,True
sigma-2,mglcs_5_100_2_5.txt,10,h5,10,0.005,True
sigma-2,mglcs_5_100_2_5.txt,10,h6,10,0.0035,True
sigma-2,mglcs_5_100_2_5.txt,10,h7,10,0.004,True
sigma-2,mglcs_5_100_2_5.txt,10,h8,10,0.0103,True
sigma-2,mglcs_5_100_2_6.txt,10,h1,13,0.003,True
sigma-2,mglcs_5_100_2_6.txt,10,h2,13,0.003,True
sigma-2,mglcs_5_100_2_6.txt,10,h3,13,0.0025,True
sigma-2,mglcs_5_100_2_6.txt,10,h4,13,0.003,True
sigma-2,mglcs_5_100_2_6.txt,10,h5,13,0.005,True
sigma-2,mglcs_5_100_2_6.txt,10,h6,13,0.0025,True
sigma-2,mglcs_5_100_2_6.txt,10,h7,13,0.003,True
sigma-2,mglcs_5_100_2_6.txt,10,h8,13,0.0085,True
sigma-2,mglcs_5_100_2_7.txt,10,h1,15,0.004,True
sigma-2,mglcs_5_100_2_7.txt,10,h2,15,0.003,True
sigma-2,mglcs_5_100_2_7.txt,10,h3,15,0.0025,True
sigma-2,mglcs_5_100_2_7.txt,10,h4,15,0.0041,True
sigma-2,mglcs_5_100_2_7.txt,10,h5,10,0.004,True
sigma-2,mglcs_5_100_2_7.txt,10,h6,15,0.003,True
sigma-2,mglcs_5_100_2_7.txt,10,h7,15,0.0041,True
sigma-2,mglcs_5_100_2_7.txt,10,h8,15,0.0135,True
sigma-2,mglcs_5_100_2_8.txt,10,h1,11,0.004,True
sigma-2,mglcs_5_100_2_8.txt,10,h2,12,0.0035,True
sigma-2,mglcs_5_100_2_8.txt,10,h3,9,0.005,True
sigma-2,mglcs_5_100_2_8.txt,10,h4,11,0.0045,True
sigma-2,mglcs_5_100_2_8.txt,10,h5,11,0.005,True
sigma-2,mglcs_5_100_2_8.txt,10,h6,9,0.0045,True
sigma-2,mglcs_5_100_2_8.txt,10,h7,12,0.003,True
sigma-2,mglcs_5_100_2_8.txt,10,h8,12,0.0135,True
sigma-2,mglcs_5_100_2_9.txt,10,h1,13,0.003,True
sigma-2,mglcs_5_100_2_9.txt,10,h2,14,0.0041,True
sigma-2,mglcs_5_100_2_9.txt,10,h3,13,0.003,True
sigma-2,mglcs_5_100_2_9.txt,10,h4,13,0.0035,True
sigma-2,mglcs_5_100_2_9.txt,10,h5,14,0.0055,True
sigma-2,mglcs_5_100_2_9.txt,10,h6,13,0.004,True
sigma-2,mglcs_5_100_2_9.txt,10,h7,14,0.0045,True
sigma-2,mglcs_5_100_2_9.txt,10,h8,14,0.0165,True
sigma-2,mglcs_5_200_2_0.txt,10,h1,17,0.0095,True
sigma-2,mglcs_5_200_2_0.txt,10,h2,23,0.0095,True
sigma-2,mglcs_5_200_2_0.txt,10,h3,17,0.0105,True
sigma-2,mglcs_5_200_2_0.txt,10,h4,23,0.0101,True
sigma-2,mglcs_5_200_2_0.txt,10,h5,17,0.0156,True
sigma-2,mglcs_5_200_2_0.txt,10,h6,17,0.01,True
sigma-2,mglcs_5_200_2_0.txt,10,h7,23,0.009,True
sigma-2,mglcs_5_200_2_0.txt,10,h8,23,0.0585,True
sigma-2,mglcs_5_200_2_1.txt,10,h1,18,0.01,True
sigma-2,mglcs_5_200_2_1.txt,10,h2,19,0.0105,True
sigma-2,mglcs_5_200_2_1.txt,10,h3,17,0.0098,True
sigma-2,mglcs_5_200_2_1.txt,10,h4,19,0.0115,True
sigma-2,mglcs_5_200_2_1.txt,10,h5,19,0.014,True
sigma-2,mglcs_5_200_2_1.txt,10,h6,17,0.0095,True
sigma-2,mglcs_5_200_2_1.txt,10,h7,17,0.0095,True
sigma-2,mglcs_5_200_2_1.txt,10,h8,17,0.0598,True
sigma-2,mglcs_5_200_2_2.txt,10,h1,32,0.0105,True
sigma-2,mglcs_5_200_2_2.txt,10,h2,32,0.015,True
sigma-2,mglcs_5_200_2_2.txt,10,h3,32,0.0115,True
sigma-2,mglcs_5_200_2_2.txt,10,h4,32,0.0125,True
sigma-2,mglcs_5_200_2_2.txt,10,h5,32,0.019,True
sigma-2,mglcs_5_200_2_2.txt,10,h6,32,0.01,True
sigma-2,mglcs_5_200_2_2.txt,10,h7,32,0.0115,True
sigma-2,mglcs_5_200_2_2.txt,10,h8,32,0.0582,True
sigma-2,mglcs_5_200_2_3.txt,10,h1,19,0.015,True
sigma-2,mglcs_5_200_2_3.txt,10,h2,19,0.014,True
sigma-2,mglcs_5_200_2_3.txt,10,h3,22,0.0125,True
sigma-2,mglcs_5_200_2_3.txt,10,h4,19,0.015,True
sigma-2,mglcs_5_200_2_3.txt,10,h5,19,0.019,True
sigma-2,mglcs_5_200_2_3.txt,10,h6,22,0.0145,True
sigma-2,mglcs_5_200_2_3.txt,10,h7,19,0.015,True
sigma-2,mglcs_5_200_2_3.txt,10,h8,18,0.0613,True
sigma-2,mglcs_5_200_2_4.txt,10,h1,16,0.01,True
sigma-2,mglcs_5_200_2_4.txt,10,h2,15,0.0109,True
sigma-2,mglcs_5_200_2_4.txt,10,h3,15,0.0106,True
sigma-2,mglcs_5_200_2_4.txt,10,h4,23,0.0128,True
sigma-2,mglcs_5_200_2_4.txt,10,h5,24,0.0179,True
sigma-2,mglcs_5_200_2_4.txt,10,h6,16,0.01,True
sigma-2,mglcs_5_200_2_4.txt,10,h7,15,0.0118,True
sigma-2,mglcs_5_200_2_4.txt,10,h8,16,0.0563,True
sigma-2,mglcs_5_200_2_5.txt,10,h1,20,0.0103,True
sigma-2,mglcs_5_200_2_5.txt,10,h2,18,0.0098,True
sigma-2,mglcs_5_200_2_5.txt,10,h3,20,0.0115,True
sigma-2,mglcs_5_200_2_5.txt,10,h4,20,0.0105,True
sigma-2,mglcs_5_200_2_5.txt,10,h5,19,0.018,True
sigma-2,mglcs_5_200_2_5.txt,10,h6,18,0.01,True
sigma-2,mglcs_5_200_2_5.txt,10,h7,18,0.0118,True
sigma-2,mglcs_5_200_2_5.txt,10,h8,17,0.06,True
sigma-2,mglcs_5_200_2_6.txt,10,h1,19,0.012,True
sigma-2,mglcs_5_200_2_6.txt,10,h2,18,0.0155,True
sigma-2,mglcs_5_200_2_6.txt,10,h3,19,0.016,True
sigma-2,mglcs_5_200_2_6.txt,10,h4,19,0.0129,True
sigma-2,mglcs_5_200_2_6.txt,10,h5,17,0.018,True
sigma-2,mglcs_5_200_2_6.txt,10,h6,18,0.0115,True
sigma-2,mglcs_5_200_2_6.txt,10,h7,18,0.0115,True
sigma-2,mglcs_5_200_2_6.txt,10,h8,17,0.0616,True
sigma-2,mglcs_5_200_2_7.txt,10,h1,23,0.0115,True
sigma-2,mglcs_5_200_2_7.txt,10,h2,23,0.012,True
sigma-2,mglcs_5_200_2_7.txt,10,h3,20,0.0115,True
sigma-2,mglcs_5_200_2_7.txt,10,h4,20,0.0115,True
sigma-2,mglcs_5_200_2_7.txt,10,h5,20,0.018,True
sigma-2,mglcs_5_200_2_7.txt,10,h6,18,0.011,True
sigma-2,mglcs_5_200_2_7.txt,10,h7,18,0.011,True
sigma-2,mglcs_5_200_2_7.txt,10,h8,20,0.0472,True
sigma-2,mglcs_5_200_2_8.txt,10,h1,13,0.0085,True
sigma-2,mglcs_5_200_2_8.txt,10,h2,13,0.0105,True
sigma-2,mglcs_5_200_2_8.txt,10,h3,13,0.0105,True
sigma-2,mglcs_5_200_2_8.txt,10,h4,13,0.011,True
sigma-2,mglcs_5_200_2_8.txt,10,h5,13,0.0145,True
sigma-2,mglcs_5_200_2_8.txt,10,h6,13,0.0115,True
sigma-2,mglcs_5_200_2_8.txt,10,h7,13,0.0105,True
sigma-2,mglcs_5_200_2_8.txt,10,h8,13,0.0549,True
sigma-2,mglcs_5_200_2_9.txt,10,h1,21,0.011,True
sigma-2,mglcs_5_200_2_9.txt,10,h2,21,0.0122,True
sigma-2,mglcs_5_200_2_9.txt,10,h3,13,0.0101,True
sigma-2,mglcs_5_200_2_9.txt,10,h4,21,0.0134,True
sigma-2,mglcs_5_200_2_9.txt,10,h5,11,0.0178,True
sigma-2,mglcs_5_200_2_9.txt,10,h6,19,0.0115,True
sigma-2,mglcs_5_200_2_9.txt,10,h7,21,0.0125,True
sigma-2,mglcs_5_200_2_9.txt,10,h8,20,0.0543,True
sigma-2,mglcs_5_50_2_0.txt,10,h1,10,0.0015,True
sigma-2,mglcs_5_50_2_0.txt,10,h2,10,0.001,True
sigma-2,mglcs_5_50_2_0.txt,10,h3,10,0.001,True
sigma-2,mglcs_5_50_2_0.txt,10,h4,10,0.001,True
sigma-2,mglcs_5_50_2_0.txt,10,h5,10,0.001,True
sigma-2,mglcs_5_50_2_0.txt,10,h6,10,0.002,True
sigma-2,mglcs_5_50_2_0.txt,10,h7,10,0.001,True
sigma-2,mglcs_5_50_2_0.txt,10,h8,10,0.002,True
sigma-2,mglcs_5_50_2_1.txt,10,h1,16,0.003,True
sigma-2,mglcs_5_50_2_1.txt,10,h2,16,0.0025,True
sigma-2,mglcs_5_50_2_1.txt,10,h3,18,0.002,True
sigma-2,mglcs_5_50_2_1.txt,10,h4,18,0.002,True
sigma-2,mglcs_5_50_2_1.txt,10,h5,16,0.004,True
sigma-2,mglcs_5_50_2_1.txt,10,h6,16,0.0015,True
sigma-2,mglcs_5_50_2_1.txt,10,h7,16,0.003,True
sigma-2,mglcs_5_50_2_1.txt,10,h8,18,0.004,True
sigma-2,mglcs_5_50_2_2.txt,10,h1,7,0.002,True
sigma-2,mglcs_5_50_2_2.txt,10,h2,7,0.001,True
sigma-2,mglcs_5_50_2_2.txt,10,h3,7,0.001,True
sigma-2,mglcs_5_50_2_2.txt,10,h4,7,0.002,True
sigma-2,mglcs_5_50_2_2.txt,10,h5,7,0.001,True
sigma-2,mglcs_5_50_2_2.txt,10,h6,7,0.001,True
sigma-2,mglcs_5_50_2_2.txt,10,h7,7,0.001,True
sigma-2,mglcs_5_50_2_2.txt,10,h8,7,0.002,True
sigma-2,mglcs_5_50_2_3.txt,10,h1,9,0.002,True
sigma-2,mglcs_5_50_2_3.txt,10,h2,5,0.001,True
sigma-2,mglcs_5_50_2_3.txt,10,h3,9,0.001,True
sigma-2,mglcs_5_50_2_3.txt,10,h4,9,0.002,True
sigma-2,mglcs_5_50_2_3.txt,10,h5,9,0.001,True
sigma-2,mglcs_5_50_2_3.txt,10,h6,9,0.0015,True
sigma-2,mglcs_5_50_2_3.txt,10,h7,5,0.002,True
sigma-2,mglcs_5_50_2_3.txt,10,h8,5,0.003,True
sigma-2,mglcs_5_50_2_4.txt,10,h1,14,0.001,True
sigma-2,mglcs_5_50_2_4.txt,10,h2,14,0.001,True
sigma-2,mglcs_5_50_2_4.txt,10,h3,14,0.001,True
sigma-2,mglcs_5_50_2_4.txt,10,h4,14,0.001,True
sigma-2,mglcs_5_50_2_4.txt,10,h5,14,0.001,True
sigma-2,mglcs_5_50_2_4.txt,10,h6,14,0.001,True
sigma-2,mglcs_5_50_2_4.txt,10,h7,14,0.001,True
sigma-2,mglcs_5_50_2_4.txt,10,h8,14,0.0015,True
sigma-2,mglcs_5_50_2_5.txt,10,h1,6,0.001,True
sigma-2,mglcs_5_50_2_5.txt,10,h2,6,0.002,True
sigma-2,mglcs_5_50_2_5.txt,10,h3,6,0.0015,True
sigma-2,mglcs_5_50_2_5.txt,10,h4,6,0.001,True
sigma-2,mglcs_5_50_2_5.txt,10,h5,6,0.002,True
sigma-2,mglcs_5_50_2_5.txt,10,h6,6,0.0015,True
sigma-2,mglcs_5_50_2_5.txt,10,h7,6,0.002,True
sigma-2,mglcs_5_50_2_5.txt,10,h8,6,0.003,True
sigma-2,mglcs_5_50_2_6.txt,10,h1,9,0.001,True
sigma-2,mglcs_5_50_2_6.txt,10,h2,9,0.002,True
sigma-2,mglcs_5_50_2_6.txt,10,h3,8,0.0015,True
sigma-2,mglcs_5_50_2_6.txt,10,h4,9,0.002,True
sigma-2,mglcs_5_50_2_6.txt,10,h5,8,0.002,True
sigma-2,mglcs_5_50_2_6.txt,10,h6,7,0.002,True
sigma-2,mglcs_5_50_2_6.txt,10,h7,7,0.001,True
sigma-2,mglcs_5_50_2_6.txt,10,h8,7,0.0033,True
sigma-2,mglcs_5_50_2_7.txt,10,h1,7,0.001,True
sigma-2,mglcs_5_50_2_7.txt,10,h2,7,0.0025,True
sigma-2,mglcs_5_50_2_7.txt,10,h3,7,0.001,True
sigma-2,mglcs_5_50_2_7.txt,10,h4,7,0.001,True
sigma-2,mglcs_5_50_2_7.txt,10,h5,7,0.002,True
sigma-2,mglcs_5_50_2_7.txt,10,h6,7,0.002,True
sigma-2,mglcs_5_50_2_7.txt,10,h7,7,0.001,True
sigma-2,mglcs_5_50_2_7.txt,10,h8,7,0.0021,True
sigma-2,mglcs_5_50_2_8.txt,10,h1,9,0.002,True
sigma-2,mglcs_5_50_2_8.txt,10,h2,9,0.002,True
sigma-2,mglcs_5_50_2_8.txt,10,h3,9,0.0021,True
sigma-2,mglcs_5_50_2_8.txt,10,h4,9,0.002,True
sigma-2,mglcs_5_50_2_8.txt,10,h5,9,0.002,True
sigma-2,mglcs_5_50_2_8.txt,10,h6,9,0.002,True
sigma-2,mglcs_5_50_2_8.txt,10,h7,9,0.002,True
sigma-2,mglcs_5_50_2_8.txt,10,h8,9,0.0045,True
sigma-2,mglcs_5_50_2_9.txt,10,h1,11,0.0015,True
sigma-2,mglcs_5_50_2_9.txt,10,h2,11,0.001,True
sigma-2,mglcs_5_50_2_9.txt,10,h3,11,0.002,True
sigma-2,mglcs_5_50_2_9.txt,10,h4,11,0.001,True
sigma-2,mglcs_5_50_2_9.txt,10,h5,11,0.002,True
sigma-2,mglcs_5_50_2_9.txt,10,h6,11,0.001,True
sigma-2,mglcs_5_50_2_9.txt,10,h7,11,0.001,True
sigma-2,mglcs_5_50_2_9.txt,10,h8,11,0.0025,True
sigma-4,mglcs_10_100_4_0.txt,10,h1,3,0.0055,True
sigma-4,mglcs_10_100_4_0.txt,10,h2,3,0.004,True
sigma-4,mglcs_10_100_4_0.txt,10,h3,3,0.0041,True
sigma-4,mglcs_10_100_4_0.txt,10,h4,3,0.005,True
sigma-4,mglcs_10_100_4_0.txt,10,h5,3,0.0055,True
sigma-4,mglcs_10_100_4_0.txt,10,h6,3,0.004,True
sigma-4,mglcs_10_100_4_0.txt,10,h7,3,0.0041,True
sigma-4,mglcs_10_100_4_0.txt,10,h8,3,0.0145,True
sigma-4,mglcs_10_100_4_1.txt,10,h1,4,0.004,True
sigma-4,mglcs_10_100_4_1.txt,10,h2,4,0.0035,True
sigma-4,mglcs_10_100_4_1.txt,10,h3,4,0.003,True
sigma-4,mglcs_10_100_4_1.txt,10,h4,4,0.004,True
sigma-4,mglcs_10_100_4_1.txt,10,h5,4,0.0055,True
sigma-4,mglcs_10_100_4_1.txt,10,h6,4,0.004,True
sigma-4,mglcs_10_100_4_1.txt,10,h7,4,0.0035,True
sigma-4,mglcs_10_100_4_1.txt,10,h8,4,0.0123,True
sigma-4,mglcs_10_100_4_2.txt,10,h1,3,0.005,True
sigma-4,mglcs_10_100_4_2.txt,10,h2,3,0.0045,True
sigma-4,mglcs_10_100_4_2.txt,10,h3,3,0.004,True
sigma-4,mglcs_10_100_4_2.txt,10,h4,3,0.0053,True
sigma-4,mglcs_10_100_4_2.txt,10,h5,3,0.0075,True
sigma-4,mglcs_10_100_4_2.txt,10,h6,3,0.004,True
sigma-4,mglcs_10_100_4_2.txt,10,h7,3,0.005,True
sigma-4,mglcs_10_100_4_2.txt,10,h8,3,0.0173,True
sigma-4,mglcs_10_100_4_3.txt,10,h1,3,0.0054,True
sigma-4,mglcs_10_100_4_3.txt,10,h2,4,0.0041,True
sigma-4,mglcs_10_100_4_3.txt,10,h3,3,0.005,True
sigma-4,mglcs_10_100_4_3.txt,10,h4,3,0.0045,True
sigma-4,mglcs_10_100_4_3.txt,10,h5,4,0.006,True
sigma-4,mglcs_10_100_4_3.txt,10,h6,4,0.0045,True
sigma-4,mglcs_10_100_4_3.txt,10,h7,4,0.004,True
sigma-4,mglcs_10_100_4_3.txt,10,h8,3,0.016,True
sigma-4,mglcs_10_100_4_4.txt,10,h1,3,0.0045,True
sigma-4,mglcs_10_100_4_4.txt,10,h2,3,0.004,True
sigma-4,mglcs_10_100_4_4.txt,10,h3,3,0.0035,True
sigma-4,mglcs_10_100_4_4.txt,10,h4,4,0.005,True
sigma-4,mglcs_10_100_4_4.txt,10,h5,3,0.0045,True
sigma-4,mglcs_10_100_4_4.txt,10,h6,3,0.004,True
sigma-4,mglcs_10_100_4_4.txt,10,h7,3,0.003,True
sigma-4,mglcs_10_100_4_4.txt,10,h8,4,0.0163,True
sigma-4,mglcs_10_100_4_5.txt,10,h1,4,0.0045,True
sigma-4,mglcs_10_100_4_5.txt,10,h2,4,0.0045,True
sigma-4,mglcs_10_100_4_5.txt,10,h3,4,0.004,True
sigma-4,mglcs_10_100_4_5.txt,10,h4,4,0.004,True
sigma-4,mglcs_10_100_4_5.txt,10,h5,4,0.0065,True
sigma-4,mglcs_10_100_4_5.txt,10,h6,4,0.004,True
sigma-4,mglcs_10_100_4_5.txt,10,h7,4,0.0045,True
sigma-4,mglcs_10_100_4_5.txt,10,h8,4,0.017,True
sigma-4,mglcs_10_100_4_6.txt,10,h1,5,0.0042,True
sigma-4,mglcs_10_100_4_6.txt,10,h2,5,0.003,True
sigma-4,mglcs_10_100_4_6.txt,10,h3,5,0.004,True
sigma-4,mglcs_10_100_4_6.txt,10,h4,5,0.0045,True
sigma-4,mglcs_10_100_4_6.txt,10,h5,5,0.004,True
sigma-4,mglcs_10_100_4_6.txt,10,h6,5,0.005,True
sigma-4,mglcs_10_100_4_6.txt,10,h7,5,0.004,True
sigma-4,mglcs_10_100_4_6.txt,10,h8,5,0.0125,True
sigma-4,mglcs_10_100_4_7.txt,10,h1,5,0.0055,True
sigma-4,mglcs_10_100_4_7.txt,10,h2,4,0.004,True
sigma-4,mglcs_10_100_4_7.txt,10,h3,5,0.0035,True
sigma-4,mglcs_10_100_4_7.txt,10,h4,3,0.004,True
sigma-4,mglcs_10_100_4_7.txt,10,h5,3,0.005,True
sigma-4,mglcs_10_100_4_7.txt,10,h6,5,0.0052,True
sigma-4,mglcs_10_100_4_7.txt,10,h7,4,0.004,True
sigma-4,mglcs_10_100_4_7.txt,10,h8,5,0.016,True
sigma-4,mglcs_10_100_4_8.txt,10,h1,2,0.004,True
sigma-4,mglcs_10_100_4_8.txt,10,h2,3,0.0045,True
sigma-4,mglcs_10_100_4_8.txt,10,h3,2,0.003,True
sigma-4,mglcs_10_100_4_8.txt,10,h4,2,0.003,True
sigma-4,mglcs_10_100_4_8.txt,10,h5,3,0.0081,True
sigma-4,mglcs_10_100_4_8.txt,10,h6,2,0.003,True
sigma-4,mglcs_10_100_4_8.txt,10,h7,3,0.0075,True
sigma-4,mglcs_10_100_4_8.txt,10,h8,3,0.0254,True
sigma-4,mglcs_10_100_4_9.txt,10,h1,3,0.0035,True
sigma-4,mglcs_10_100_4_9.txt,10,h2,3,0.003,True
sigma-4,mglcs_10_100_4_9.txt,10,h3,3,0.0045,True
sigma-4,mglcs_10_100_4_9.txt,10,h4,2,0.004,True
sigma-4,mglcs_10_100_4_9.txt,10,h5,3,0.0055,True
sigma-4,mglcs_10_100_4_9.txt,10,h6,3,0.004,True
sigma-4,mglcs_10_100_4_9.txt,10,h7,3,0.003,True
sigma-4,mglcs_10_100_4_9.txt,10,h8,3,0.0156,True
sigma-4,mglcs_10_200_4_0.txt,10,h1,5,0.0125,True
sigma-4,mglcs_10_200_4_0.txt,10,h2,6,0.0135,True
sigma-4,mglcs_10_200_4_0.txt,10,h3,5,0.013,True
sigma-4,mglcs_10_200_4_0.txt,10,h4,5,0.0135,True
sigma-4,mglcs_10_200_4_0.txt,10,h5,6,0.018,True
sigma-4,mglcs_10_200_4_0.txt,10,h6,5,0.0135,True
sigma-4,mglcs_10_200_4_0.txt,10,h7,5,0.0135,True
sigma-4,mglcs_10_200_4_0.txt,10,h8,3,0.0933,True
sigma-4,mglcs_10_200_4_1.txt,10,h1,4,0.0153,True
sigma-4,mglcs_10_200_4_1.txt,10,h2,4,0.0155,True
sigma-4,mglcs_10_200_4_1.txt,10,h3,4,0.0167,True
sigma-4,mglcs_10_200_4_1.txt,10,h4,3,0.0148,True
sigma-4,mglcs_10_200_4_1.txt,10,h5,3,0.0207,True
sigma-4,mglcs_10_200_4_1.txt,10,h6,4,0.0145,True
sigma-4,mglcs_10_200_4_1.txt,10,h7,4,0.0145,True
sigma-4,mglcs_10_200_4_1.txt,10,h8,3,0.0975,True
sigma-4,mglcs_10_200_4_2.txt,10,h1,3,0.0115,True
sigma-4,mglcs_10_200_4_2.txt,10,h2,3,0.0135,True
sigma-4,mglcs_10_200_4_2.txt,10,h3,3,0.0125,True
sigma-4,mglcs_10_200_4_2.txt,10,h4,3,0.0145,True
sigma-4,mglcs_10_200_4_2.txt,10,h5,3,0.02,True
sigma-4,mglcs_10_200_4_2.txt,10,h6,3,0.0129,True
sigma-4,mglcs_10_200_4_2.txt,10,h7,3,0.013,True
sigma-4,mglcs_10_200_4_2.txt,10,h8,3,0.0965,True
sigma-4,mglcs_10_200_4_3.txt,10,h1,5,0.0149,True
sigma-4,mglcs_10_200_4_3.txt,10,h2,3,0.0145,True
sigma-4,mglcs_10_200_4_3.txt,10,h3,4,0.0127,True
sigma-4,mglcs_10_200_4_3.txt,10,h4,4,0.0125,True
sigma-4,mglcs_10_200_4_3.txt,10,h5,4,0.0202,True
sigma-4,mglcs_10_200_4_3.txt,10,h6,5,0.0155,True
sigma-4,mglcs_10_200_4_3.txt,10,h7,3,0.0152,True
sigma-4,mglcs_10_200_4_3.txt,10,h8,3,0.0966,True
sigma-4,mglcs_10_200_4_4.txt,10,h1,3,0.013,True
sigma-4,mglcs_10_200_4_4.txt,10,h2,3,0.0135,True
sigma-4,mglcs_10_200_4_4.txt,10,h3,3,0.0135,True
sigma-4,mglcs_10_200_4_4.txt,10,h4,3,0.014,True
sigma-4,mglcs_10_200_4_4.txt,10,h5,3,0.0185,True
sigma-4,mglcs_10_200_4_4.txt,10,h6,3,0.0135,True
sigma-4,mglcs_10_200_4_4.txt,10,h7,3,0.013,True
sigma-4,mglcs_10_200_4_4.txt,10,h8,3,0.0852,True
sigma-4,mglcs_10_200_4_5.txt,10,h1,4,0.0145,True
sigma-4,mglcs_10_200_4_5.txt,10,h2,4,0.0125,True
sigma-4,mglcs_10_200_4_5.txt,10,h3,4,0.014,True
sigma-4,mglcs_10_200_4_5.txt,10,h4,4,0.0135,True
sigma-4,mglcs_10_200_4_5.txt,10,h5,4,0.0196,True
sigma-4,mglcs_10_200_4_5.txt,10,h6,4,0.0135,True
sigma-4,mglcs_10_200_4_5.txt,10,h7,4,0.0136,True
sigma-4,mglcs_10_200_4_5.txt,10,h8,4,0.0895,True
sigma-4,mglcs_10_200_4_6.txt,10,h1,3,0.0128,True
sigma-4,mglcs_10_200_4_6.txt,10,h2,6,0.014,True
sigma-4,mglcs_10_200_4_6.txt,10,h3,2,0.022,True
sigma-4,mglcs_10_200_4_6.txt,10,h4,6,0.016,True
sigma-4,mglcs_10_200_4_6.txt,10,h5,3,0.0182,True
sigma-4,mglcs_10_200_4_6.txt,10,h6,3,0.0125,True
sigma-4,mglcs_10_200_4_6.txt,10,h7,6,0.014,True
sigma-4,mglcs_10_200_4_6.txt,10,h8,3,0.0842,True
sigma-4,mglcs_10_200_4_7.txt,10,h1,3,0.0125,True
sigma-4,mglcs_10_200_4_7.txt,10,h2,3,0.0125,True
sigma-4,mglcs_10_200_4_7.txt,10,h3,4,0.014,True
sigma-4,mglcs_10_200_4_7.txt,10,h4,3,0.0135,True
sigma-4,mglcs_10_200_4_7.txt,10,h5,3,0.022,True
sigma-4,mglcs_10_200_4_7.txt,10,h6,3,0.0125,True
sigma-4,mglcs_10_200_4_7.txt,10,h7,3,0.013,True
sigma-4,mglcs_10_200_4_7.txt,10,h8,3,0.0928,True
sigma-4,mglcs_10_200_4_8.txt,10,h1,3,0.0135,True
sigma-4,mglcs_10_200_4_8.txt,10,h2,4,0.0115,True
sigma-4,mglcs_10_200_4_8.txt,10,h3,3,0.0126,True
sigma-4,mglcs_10_200_4_8.txt,10,h4,4,0.0145,True
sigma-4,mglcs_10_200_4_8.txt,10,h5,4,0.018,True
sigma-4,mglcs_10_200_4_8.txt,10,h6,3,0.0131,True
sigma-4,mglcs_10_200_4_8.txt,10,h7,4,0.014,True
sigma-4,mglcs_10_200_4_8.txt,10,h8,4,0.0831,True
sigma-4,mglcs_10_200_4_9.txt,10,h1,7,0.0135,True
sigma-4,mglcs_10_200_4_9.txt,10,h2,4,0.0125,True
sigma-4,mglcs_10_200_4_9.txt,10,h3,7,0.0136,True
sigma-4,mglcs_10_200_4_9.txt,10,h4,4,0.0145,True
sigma-4,mglcs_10_200_4_9.txt,10,h5,4,0.0207,True
sigma-4,mglcs_10_200_4_9.txt,10,h6,4,0.0143,True
sigma-4,mglcs_10_200_4_9.txt,10,h7,4,0.0136,True
sigma-4,mglcs_10_200_4_9.txt,10,h8,4,0.0751,True
sigma-4,mglcs_10_50_4_0.txt,10,h1,5,0.002,True
sigma-4,mglcs_10_50_4_0.txt,10,h2,5,0.001,True
sigma-4,mglcs_10_50_4_0.txt,10,h3,5,0.0026,True
sigma-4,mglcs_10_50_4_0.txt,10,h4,5,0.002,True
sigma-4,mglcs_10_50_4_0.txt,10,h5,5,0.002,True
sigma-4,mglcs_10_50_4_0.txt,10,h6,5,0.002,True
sigma-4,mglcs_10_50_4_0.txt,10,h7,5,0.0015,True
sigma-4,mglcs_10_50_4_0.txt,10,h8,5,0.003,True
sigma-4,mglcs_10_50_4_1.txt,10,h1,2,0.001,True
sigma-4,mglcs_10_50_4_1.txt,10,h2,2,0.0024,True
sigma-4,mglcs_10_50_4_1.txt,10,h3,2,0.001,True
sigma-4,mglcs_10_50_4_1.txt,10,h4,2,0.002,True
sigma-4,mglcs_10_50_4_1.txt,10,h5,2,0.002,True
sigma-4,mglcs_10_50_4_1.txt,10,h6,2,0.0025,True
sigma-4,mglcs_10_50_4_1.txt,10,h7,2,0.001,True
sigma-4,mglcs_10_50_4_1.txt,10,h8,2,0.004,True
sigma-4,mglcs_10_50_4_2.txt,10,h1,4,0.001,True
sigma-4,mglcs_10_50_4_2.txt,10,h2,4,0.002,True
sigma-4,mglcs_10_50_4_2.txt,10,h3,4,0.002,True
sigma-4,mglcs_10_50_4_2.txt,10,h4,4,0.001,True
sigma-4,mglcs_10_50_4_2.txt,10,h5,4,0.002,True
sigma-4,mglcs_10_50_4_2.txt,10,h6,4,0.0015,True
sigma-4,mglcs_10_50_4_2.txt,10,h7,4,0.002,True
sigma-4,mglcs_10_50_4_2.txt,10,h8,4,0.004,True
sigma-4,mglcs_10_50_4_3.txt,10,h1,3,0.002,True
sigma-4,mglcs_10_50_4_3.txt,10,h2,3,0.002,True
sigma-4,mglcs_10_50_4_3.txt,10,h3,3,0.002,True
sigma-4,mglcs_10_50_4_3.txt,10,h4,3,0.0022,True
sigma-4,mglcs_10_50_4_3.txt,10,h5,3,0.002,True
sigma-4,mglcs_10_50_4_3.txt,10,h6,3,0.002,True
sigma-4,mglcs_10_50_4_3.txt,10,h7,3,0.002,True
sigma-4,mglcs_10_50_4_3.txt,10,h8,3,0.0045,True
sigma-4,mglcs_10_50_4_4.txt,10,h1,2,0.002,True
sigma-4,mglcs_10_50_4_4.txt,10,h2,3,0.0012,True
sigma-4,mglcs_10_50_4_4.txt,10,h3,2,0.001,True
sigma-4,mglcs_10_50_4_4.txt,10,h4,2,0.002,True
sigma-4,mglcs_10_50_4_4.txt,10,h5,3,0.002,True
sigma-4,mglcs_10_50_4_4.txt,10,h6,2,0.002,True
sigma-4,mglcs_10_50_4_4.txt,10,h7,3,0.001,True
sigma-4,mglcs_10_50_4_4.txt,10,h8,2,0.0035,True
sigma-4,mglcs_10_50_4_5.txt,10,h1,2,0.0015,True
sigma-4,mglcs_10_50_4_5.txt,10,h2,2,0.001,True
sigma-4,mglcs_10_50_4_5.txt,10,h3,2,0.001,True
sigma-4,mglcs_10_50_4_5.txt,10,h4,2,0.001,True
sigma-4,mglcs_10_50_4_5.txt,10,h5,2,0.002,True
sigma-4,mglcs_10_50_4_5.txt,10,h6,2,0.002,True
sigma-4,mglcs_10_50_4_5.txt,10,h7,2,0.001,True
sigma-4,mglcs_10_50_4_5.txt,10,h8,2,0.0035,True
sigma-4,mglcs_10_50_4_6.txt,10,h1,2,0,True
sigma-4,mglcs_10_50_4_6.txt,10,h2,2,0.0025,True
sigma-4,mglcs_10_50_4_6.txt,10,h3,2,0.002,True
sigma-4,mglcs_10_50_4_6.txt,10,h4,2,0.001,True
sigma-4,mglcs_10_50_4_6.txt,10,h5,2,0.002,True
sigma-4,mglcs_10_50_4_6.txt,10,h6,2,0.002,True
sigma-4,mglcs_10_50_4_6.txt,10,h7,2,0.001,True
sigma-4,mglcs_10_50_4_6.txt,10,h8,2,0.0035,True
sigma-4,mglcs_10_50_4_7.txt,10,h1,2,0.0015,True
sigma-4,mglcs_10_50_4_7.txt,10,h2,2,0.002,True
sigma-4,mglcs_10_50_4_7.txt,10,h3,2,0.001,True
sigma-4,mglcs_10_50_4_7.txt,10,h4,2,0.002,True
sigma-4,mglcs_10_50_4_7.txt,10,h5,2,0.001,True
sigma-4,mglcs_10_50_4_7.txt,10,h6,2,0.002,True
sigma-4,mglcs_10_50_4_7.txt,10,h7,2,0.001,True
sigma-4,mglcs_10_50_4_7.txt,10,h8,2,0.0035,True
sigma-4,mglcs_10_50_4_8.txt,10,h1,2,0.0025,True
sigma-4,mglcs_10_50_4_8.txt,10,h2,2,0.001,True
sigma-4,mglcs_10_50_4_8.txt,10,h3,2,0.002,True
sigma-4,mglcs_10_50_4_8.txt,10,h4,2,0.002,True
sigma-4,mglcs_10_50_4_8.txt,10,h5,2,0.002,True
sigma-4,mglcs_10_50_4_8.txt,10,h6,2,0.002,True
sigma-4,mglcs_10_50_4_8.txt,10,h7,2,0.001,True
sigma-4,mglcs_10_50_4_8.txt,10,h8,2,0.0031,True
sigma-4,mglcs_10_50_4_9.txt,10,h1,4,0.002,True
sigma-4,mglcs_10_50_4_9.txt,10,h2,4,0.001,True
sigma-4,mglcs_10_50_4_9.txt,10,h3,4,0.002,True
sigma-4,mglcs_10_50_4_9.txt,10,h4,4,0.002,True
sigma-4,mglcs_10_50_4_9.txt,10,h5,4,0.002,True
sigma-4,mglcs_10_50_4_9.txt,10,h6,4,0.0025,True
sigma-4,mglcs_10_50_4_9.txt,10,h7,4,0.001,True
sigma-4,mglcs_10_50_4_9.txt,10,h8,4,0.004,True
sigma-4,mglcs_2_100_4_0.txt,10,h1,47,0.006,True
sigma-4,mglcs_2_100_4_0.txt,10,h2,60,0.008,True
sigma-4,mglcs_2_100_4_0.txt,10,h3,49,0.0065,True
sigma-4,mglcs_2_100_4_0.txt,10,h4,43,0.005,True
sigma-4,mglcs_2_100_4_0.txt,10,h5,61,0.0146,True
sigma-4,mglcs_2_100_4_0.txt,10,h6,52,0.006,True
sigma-4,mglcs_2_100_4_0.txt,10,h7,60,0.0075,True
sigma-4,mglcs_2_100_4_0.txt,10,h8,42,0.0075,True
sigma-4,mglcs_2_100_4_1.txt,10,h1,54,0.006,True
sigma-4,mglcs_2_100_4_1.txt,10,h2,59,0.0075,True
sigma-4,mglcs_2_100_4_1.txt,10,h3,45,0.006,True
sigma-4,mglcs_2_100_4_1.txt,10,h4,54,0.0067,True
sigma-4,mglcs_2_100_4_1.txt,10,h5,60,0.0121,True
sigma-4,mglcs_2_100_4_1.txt,10,h6,52,0.0071,True
sigma-4,mglcs_2_100_4_1.txt,10,h7,58,0.0075,True
sigma-4,mglcs_2_100_4_1.txt,10,h8,43,0.0085,True
sigma-4,mglcs_2_100_4_2.txt,10,h1,51,0.0055,True
sigma-4,mglcs_2_100_4_2.txt,10,h2,61,0.0075,True
sigma-4,mglcs_2_100_4_2.txt,10,h3,49,0.006,True
sigma-4,mglcs_2_100_4_2.txt,10,h4,53,0.0075,True
sigma-4,mglcs_2_100_4_2.txt,10,h5,63,0.0145,True
sigma-4,mglcs_2_100_4_2.txt,10,h6,62,0.0075,True
sigma-4,mglcs_2_100_4_2.txt,10,h7,65,0.009,True
sigma-4,mglcs_2_100_4_2.txt,10,h8,47,0.0092,True
sigma-4,mglcs_2_100_4_3.txt,10,h1,52,0.006,True
sigma-4,mglcs_2_100_4_3.txt,10,h2,60,0.0085,True
sigma-4,mglcs_2_100_4_3.txt,10,h3,47,0.0055,True
sigma-4,mglcs_2_100_4_3.txt,10,h4,50,0.006,True
sigma-4,mglcs_2_100_4_3.txt,10,h5,61,0.0122,True
sigma-4,mglcs_2_100_4_3.txt,10,h6,56,0.0075,True
sigma-4,mglcs_2_100_4_3.txt,10,h7,61,0.0075,True
sigma-4,mglcs_2_100_4_3.txt,10,h8,44,0.0065,True
sigma-4,mglcs_2_100_4_4.txt,10,h1,44,0.0045,True
sigma-4,mglcs_2_100_4_4.txt,10,h2,57,0.008,True
sigma-4,mglcs_2_100_4_4.txt,10,h3,56,0.006,True
sigma-4,mglcs_2_100_4_4.txt,10,h4,50,0.0075,True
sigma-4,mglcs_2_100_4_4.txt,10,h5,59,0.0133,True
sigma-4,mglcs_2_100_4_4.txt,10,h6,45,0.0095,True
sigma-4,mglcs_2_100_4_4.txt,10,h7,57,0.0125,True
sigma-4,mglcs_2_100_4_4.txt,10,h8,42,0.0085,True
sigma-4,mglcs_2_100_4_5.txt,10,h1,45,0.005,True
sigma-4,mglcs_2_100_4_5.txt,10,h2,58,0.0075,True
sigma-4,mglcs_2_100_4_5.txt,10,h3,38,0.0045,True
sigma-4,mglcs_2_100_4_5.txt,10,h4,45,0.006,True
sigma-4,mglcs_2_100_4_5.txt,10,h5,58,0.0125,True
sigma-4,mglcs_2_100_4_5.txt,10,h6,59,0.008,True
sigma-4,mglcs_2_100_4_5.txt,10,h7,58,0.0081,True
sigma-4,mglcs_2_100_4_5.txt,10,h8,32,0.0065,True
sigma-4,mglcs_2_100_4_6.txt,10,h1,42,0.0045,True
sigma-4,mglcs_2_100_4_6.txt,10,h2,58,0.0084,True
sigma-4,mglcs_2_100_4_6.txt,10,h3,51,0.0058,True
sigma-4,mglcs_2_100_4_6.txt,10,h4,58,0.0064,True
sigma-4,mglcs_2_100_4_6.txt,10,h5,60,0.0114,True
sigma-4,mglcs_2_100_4_6.txt,10,h6,30,0.0055,True
sigma-4,mglcs_2_100_4_6.txt,10,h7,58,0.0075,True
sigma-4,mglcs_2_100_4_6.txt,10,h8,45,0.0089,True
sigma-4,mglcs_2_100_4_7.txt,10,h1,50,0.0063,True
sigma-4,mglcs_2_100_4_7.txt,10,h2,57,0.008,True
sigma-4,mglcs_2_100_4_7.txt,10,h3,49,0.0062,True
sigma-4,mglcs_2_100_4_7.txt,10,h4,52,0.0068,True
sigma-4,mglcs_2_100_4_7.txt,10,h5,62,0.017,True
sigma-4,mglcs_2_100_4_7.txt,10,h6,61,0.0075,True
sigma-4,mglcs_2_100_4_7.txt,10,h7,63,0.0099,True
sigma-4,mglcs_2_100_4_7.txt,10,h8,51,0.0085,True
sigma-4,mglcs_2_100_4_8.txt,10,h1,47,0.0051,True
sigma-4,mglcs_2_100_4_8.txt,10,h2,48,0.0055,True
sigma-4,mglcs_2_100_4_8.txt,10,h3,30,0.005,True
sigma-4,mglcs_2_100_4_8.txt,10,h4,46,0.0065,True
sigma-4,mglcs_2_100_4_8.txt,10,h5,50,0.011,True
sigma-4,mglcs_2_100_4_8.txt,10,h6,44,0.005,True
sigma-4,mglcs_2_100_4_8.txt,10,h7,49,0.0065,True
sigma-4,mglcs_2_100_4_8.txt,10,h8,45,0.0075,True
sigma-4,mglcs_2_100_4_9.txt,10,h1,55,0.0055,True
sigma-4,mglcs_2_100_4_9.txt,10,h2,33,0.0075,True
sigma-4,mglcs_2_100_4_9.txt,10,h3,48,0.005,True
sigma-4,mglcs_2_100_4_9.txt,10,h4,59,0.0075,True
sigma-4,mglcs_2_100_4_9.txt,10,h5,62,0.0135,True
sigma-4,mglcs_2_100_4_9.txt,10,h6,62,0.0075,True
sigma-4,mglcs_2_100_4_9.txt,10,h7,54,0.0075,True
sigma-4,mglcs_2_100_4_9.txt,10,h8,52,0.0091,True
sigma-4,mglcs_2_200_4_0.txt,10,h1,110,0.0161,True
sigma-4,mglcs_2_200_4_0.txt,10,h2,116,0.0186,True
sigma-4,mglcs_2_200_4_0.txt,10,h3,95,0.0145,True
sigma-4,mglcs_2_200_4_0.txt,10,h4,98,0.0166,True
sigma-4,mglcs_2_200_4_0.txt,10,h5,114,0.0335,True
sigma-4,mglcs_2_200_4_0.txt,10,h6,117,0.0185,True
sigma-4,mglcs_2_200_4_0.txt,10,h7,116,0.0197,True
sigma-4,mglcs_2_200_4_0.txt,10,h8,91,0.0218,True
sigma-4,mglcs_2_200_4_1.txt,10,h1,98,0.0145,True
sigma-4,mglcs_2_200_4_1.txt,10,h2,117,0.0199,True
sigma-4,mglcs_2_200_4_1.txt,10,h3,84,0.0145,True
sigma-4,mglcs_2_200_4_1.txt,10,h4,92,0.0162,True
sigma-4,mglcs_2_200_4_1.txt,10,h5,119,0.0336,True
sigma-4,mglcs_2_200_4_1.txt,10,h6,108,0.017,True
sigma-4,mglcs_2_200_4_1.txt,10,h7,115,0.021,True
sigma-4,mglcs_2_200_4_1.txt,10,h8,97,0.0219,True
sigma-4,mglcs_2_200_4_2.txt,10,h1,103,0.018,True
sigma-4,mglcs_2_200_4_2.txt,10,h2,113,0.0182,True
sigma-4,mglcs_2_200_4_2.txt,10,h3,99,0.0168,True
sigma-4,mglcs_2_200_4_2.txt,10,h4,86,0.0175,True
sigma-4,mglcs_2_200_4_2.txt,10,h5,116,0.0325,True
sigma-4,mglcs_2_200_4_2.txt,10,h6,113,0.018,True
sigma-4,mglcs_2_200_4_2.txt,10,h7,112,0.019,True
sigma-4,mglcs_2_200_4_2.txt,10,h8,83,0.026,True
sigma-4,mglcs_2_200_4_3.txt,10,h1,96,0.015,True
sigma-4,mglcs_2_200_4_3.txt,10,h2,112,0.0184,True
sigma-4,mglcs_2_200_4_3.txt,10,h3,94,0.016,True
sigma-4,mglcs_2_200_4_3.txt,10,h4,96,0.0168,True
sigma-4,mglcs_2_200_4_3.txt,10,h5,119,0.033,True
sigma-4,mglcs_2_200_4_3.txt,10,h6,113,0.017,True
sigma-4,mglcs_2_200_4_3.txt,10,h7,117,0.019,True
sigma-4,mglcs_2_200_4_3.txt,10,h8,90,0.021,True
sigma-4,mglcs_2_200_4_4.txt,10,h1,106,0.017,True
sigma-4,mglcs_2_200_4_4.txt,10,h2,124,0.0214,True
sigma-4,mglcs_2_200_4_4.txt,10,h3,94,0.017,True
sigma-4,mglcs_2_200_4_4.txt,10,h4,106,0.018,True
sigma-4,mglcs_2_200_4_4.txt,10,h5,83,0.0303,True
sigma-4,mglcs_2_200_4_4.txt,10,h6,123,0.02,True
sigma-4,mglcs_2_200_4_4.txt,10,h7,127,0.0243,True
sigma-4,mglcs_2_200_4_4.txt,10,h8,69,0.02,True
sigma-4,mglcs_2_200_4_5.txt,10,h1,63,0.0145,True
sigma-4,mglcs_2_200_4_5.txt,10,h2,50,0.017,True
sigma-4,mglcs_2_200_4_5.txt,10,h3,69,0.0145,True
sigma-4,mglcs_2_200_4_5.txt,10,h4,103,0.0175,True
sigma-4,mglcs_2_200_4_5.txt,10,h5,77,0.0321,True
sigma-4,mglcs_2_200_4_5.txt,10,h6,106,0.018,True
sigma-4,mglcs_2_200_4_5.txt,10,h7,51,0.0167,True
sigma-4,mglcs_2_200_4_5.txt,10,h8,64,0.025,True
sigma-4,mglcs_2_200_4_6.txt,10,h1,108,0.017,True
sigma-4,mglcs_2_200_4_6.txt,10,h2,84,0.0175,True
sigma-4,mglcs_2_200_4_6.txt,10,h3,99,0.0167,True
sigma-4,mglcs_2_200_4_6.txt,10,h4,109,0.0178,True
sigma-4,mglcs_2_200_4_6.txt,10,h5,93,0.0362,True
sigma-4,mglcs_2_200_4_6.txt,10,h6,90,0.019,True
sigma-4,mglcs_2_200_4_6.txt,10,h7,87,0.0195,True
sigma-4,mglcs_2_200_4_6.txt,10,h8,101,0.023,True
sigma-4,mglcs_2_200_4_7.txt,10,h1,111,0.0175,True
sigma-4,mglcs_2_200_4_7.txt,10,h2,82,0.0205,True
sigma-4,mglcs_2_200_4_7.txt,10,h3,98,0.0166,True
sigma-4,mglcs_2_200_4_7.txt,10,h4,82,0.017,True
sigma-4,mglcs_2_200_4_7.txt,10,h5,120,0.0339,True
sigma-4,mglcs_2_200_4_7.txt,10,h6,75,0.014,True
sigma-4,mglcs_2_200_4_7.txt,10,h7,82,0.0215,True
sigma-4,mglcs_2_200_4_7.txt,10,h8,105,0.024,True
sigma-4,mglcs_2_200_4_8.txt,10,h1,96,0.017,True
sigma-4,mglcs_2_200_4_8.txt,10,h2,108,0.0198,True
sigma-4,mglcs_2_200_4_8.txt,10,h3,91,0.0157,True
sigma-4,mglcs_2_200_4_8.txt,10,h4,96,0.017,True
sigma-4,mglcs_2_200_4_8.txt,10,h5,127,0.038,True
sigma-4,mglcs_2_200_4_8.txt,10,h6,116,0.019,True
sigma-4,mglcs_2_200_4_8.txt,10,h7,112,0.0215,True
sigma-4,mglcs_2_200_4_8.txt,10,h8,94,0.023,True
sigma-4,mglcs_2_200_4_9.txt,10,h1,96,0.0145,True
sigma-4,mglcs_2_200_4_9.txt,10,h2,76,0.019,True
sigma-4,mglcs_2_200_4_9.txt,10,h3,106,0.0157,True
sigma-4,mglcs_2_200_4_9.txt,10,h4,99,0.0171,True
sigma-4,mglcs_2_200_4_9.txt,10,h5,104,0.0325,True
sigma-4,mglcs_2_200_4_9.txt,10,h6,115,0.0165,True
sigma-4,mglcs_2_200_4_9.txt,10,h7,103,0.018,True
sigma-4,mglcs_2_200_4_9.txt,10,h8,94,0.023,True
sigma-4,mglcs_2_50_4_0.txt,10,h1,22,0.002,True
sigma-4,mglcs_2_50_4_0.txt,10,h2,29,0.0035,True
sigma-4,mglcs_2_50_4_0.txt,10,h3,21,0.001,True
sigma-4,mglcs_2_50_4_0.txt,10,h4,26,0.0034,True
sigma-4,mglcs_2_50_4_0.txt,10,h5,29,0.0045,True
sigma-4,mglcs_2_50_4_0.txt,10,h6,24,0.003,True
sigma-4,mglcs_2_50_4_0.txt,10,h7,29,0.003,True
sigma-4,mglcs_2_50_4_0.txt,10,h8,16,0.002,True
sigma-4,mglcs_2_50_4_1.txt,10,h1,27,0.003,True
sigma-4,mglcs_2_50_4_1.txt,10,h2,15,0.0035,True
sigma-4,mglcs_2_50_4_1.txt,10,h3,13,0.003,True
sigma-4,mglcs_2_50_4_1.txt,10,h4,26,0.003,True
sigma-4,mglcs_2_50_4_1.txt,10,h5,28,0.0045,True
sigma-4,mglcs_2_50_4_1.txt,10,h6,31,0.003,True
sigma-4,mglcs_2_50_4_1.txt,10,h7,16,0.0037,True
sigma-4,mglcs_2_50_4_1.txt,10,h8,22,0.0024,True
sigma-4,mglcs_2_50_4_2.txt,10,h1,27,0.002,True
sigma-4,mglcs_2_50_4_2.txt,10,h2,31,0.0035,True
sigma-4,mglcs_2_50_4_2.txt,10,h3,27,0.003,True
sigma-4,mglcs_2_50_4_2.txt,10,h4,28,0.003,True
sigma-4,mglcs_2_50_4_2.txt,10,h5,31,0.0053,True
sigma-4,mglcs_2_50_4_2.txt,10,h6,31,0.003,True
sigma-4,mglcs_2_50_4_2.txt,10,h7,31,0.0045,True
sigma-4,mglcs_2_50_4_2.txt,10,h8,16,0.002,True
sigma-4,mglcs_2_50_4_3.txt,10,h1,22,0.0015,True
sigma-4,mglcs_2_50_4_3.txt,10,h2,30,0.003,True
sigma-4,mglcs_2_50_4_3.txt,10,h3,22,0.002,True
sigma-4,mglcs_2_50_4_3.txt,10,h4,26,0.0035,True
sigma-4,mglcs_2_50_4_3.txt,10,h5,30,0.0055,True
sigma-4,mglcs_2_50_4_3.txt,10,h6,30,0.003,True
sigma-4,mglcs_2_50_4_3.txt,10,h7,30,0.0035,True
sigma-4,mglcs_2_50_4_3.txt,10,h8,22,0.003,True
sigma-4,mglcs_2_50_4_4.txt,10,h1,24,0.003,True
sigma-4,mglcs_2_50_4_4.txt,10,h2,25,0.003,True
sigma-4,mglcs_2_50_4_4.txt,10,h3,18,0.002,True
sigma-4,mglcs_2_50_4_4.txt,10,h4,29,0.0025,True
sigma-4,mglcs_2_50_4_4.txt,10,h5,25,0.004,True
sigma-4,mglcs_2_50_4_4.txt,10,h6,32,0.003,True
sigma-4,mglcs_2_50_4_4.txt,10,h7,25,0.002,True
sigma-4,mglcs_2_50_4_4.txt,10,h8,20,0.002,True
sigma-4,mglcs_2_50_4_5.txt,10,h1,28,0.0025,True
sigma-4,mglcs_2_50_4_5.txt,10,h2,28,0.004,True
sigma-4,mglcs_2_50_4_5.txt,10,h3,25,0.002,True
sigma-4,mglcs_2_50_4_5.txt,10,h4,22,0.0035,True
sigma-4,mglcs_2_50_4_5.txt,10,h5,30,0.006,True
sigma-4,mglcs_2_50_4_5.txt,10,h6,28,0.003,True
sigma-4,mglcs_2_50_4_5.txt,10,h7,28,0.0042,True
sigma-4,mglcs_2_50_4_5.txt,10,h8,19,0.003,True
sigma-4,mglcs_2_50_4_6.txt,10,h1,27,0.003,True
sigma-4,mglcs_2_50_4_6.txt,10,h2,30,0.0035,True
sigma-4,mglcs_2_50_4_6.txt,10,h3,29,0.0031,True
sigma-4,mglcs_2_50_4_6.txt,10,h4,30,0.0031,True
sigma-4,mglcs_2_50_4_6.txt,10,h5,30,0.0057,True
sigma-4,mglcs_2_50_4_6.txt,10,h6,30,0.0027,True
sigma-4,mglcs_2_50_4_6.txt,10,h7,30,0.0037,True
sigma-4,mglcs_2_50_4_6.txt,10,h8,27,0.0036,True
sigma-4,mglcs_2_50_4_7.txt,10,h1,21,0.0021,True
sigma-4,mglcs_2_50_4_7.txt,10,h2,18,0.0021,True
sigma-4,mglcs_2_50_4_7.txt,10,h3,20,0.002,True
sigma-4,mglcs_2_50_4_7.txt,10,h4,15,0.002,True
sigma-4,mglcs_2_50_4_7.txt,10,h5,18,0.0047,True
sigma-4,mglcs_2_50_4_7.txt,10,h6,30,0.0027,True
sigma-4,mglcs_2_50_4_7.txt,10,h7,18,0.0026,True
sigma-4,mglcs_2_50_4_7.txt,10,h8,15,0.0031,True
sigma-4,mglcs_2_50_4_8.txt,10,h1,23,0.0027,True
sigma-4,mglcs_2_50_4_8.txt,10,h2,29,0.003,True
sigma-4,mglcs_2_50_4_8.txt,10,h3,27,0.0026,True
sigma-4,mglcs_2_50_4_8.txt,10,h4,27,0.0037,True
sigma-4,mglcs_2_50_4_8.txt,10,h5,29,0.0053,True
sigma-4,mglcs_2_50_4_8.txt,10,h6,26,0.0026,True
sigma-4,mglcs_2_50_4_8.txt,10,h7,28,0.003,True
sigma-4,mglcs_2_50_4_8.txt,10,h8,22,0.0025,True
sigma-4,mglcs_2_50_4_9.txt,10,h1,28,0.0016,True
sigma-4,mglcs_2_50_4_9.txt,10,h2,26,0.0024,True
sigma-4,mglcs_2_50_4_9.txt,10,h3,28,0.002,True
sigma-4,mglcs_2_50_4_9.txt,10,h4,27,0.002,True
sigma-4,mglcs_2_50_4_9.txt,10,h5,28,0.002,True
sigma-4,mglcs_2_50_4_9.txt,10,h6,25,0.0025,True
sigma-4,mglcs_2_50_4_9.txt,10,h7,27,0.0026,True
sigma-4,mglcs_2_50_4_9.txt,10,h8,27,0.002,True
sigma-4,mglcs_3_100_4_0.txt,10,h1,18,0.0041,True
sigma-4,mglcs_3_100_4_0.txt,10,h2,19,0.0065,True
sigma-4,mglcs_3_100_4_0.txt,10,h3,18,0.005,True
sigma-4,mglcs_3_100_4_0.txt,10,h4,18,0.0065,True
sigma-4,mglcs_3_100_4_0.txt,10,h5,19,0.0065,True
sigma-4,mglcs_3_100_4_0.txt,10,h6,19,0.004,True
sigma-4,mglcs_3_100_4_0.txt,10,h7,19,0.004,True
sigma-4,mglcs_3_100_4_0.txt,10,h8,18,0.0063,True
sigma-4,mglcs_3_100_4_1.txt,10,h1,25,0.005,True
sigma-4,mglcs_3_100_4_1.txt,10,h2,28,0.0055,True
sigma-4,mglcs_3_100_4_1.txt,10,h3,40,0.005,True
sigma-4,mglcs_3_100_4_1.txt,10,h4,44,0.0051,True
sigma-4,mglcs_3_100_4_1.txt,10,h5,28,0.0095,True
sigma-4,mglcs_3_100_4_1.txt,10,h6,27,0.005,True
sigma-4,mglcs_3_100_4_1.txt,10,h7,28,0.0071,True
sigma-4,mglcs_3_100_4_1.txt,10,h8,38,0.0075,True
sigma-4,mglcs_3_100_4_2.txt,10,h1,43,0.0055,True
sigma-4,mglcs_3_100_4_2.txt,10,h2,35,0.006,True
sigma-4,mglcs_3_100_4_2.txt,10,h3,25,0.0055,True
sigma-4,mglcs_3_100_4_2.txt,10,h4,46,0.007,True
sigma-4,mglcs_3_100_4_2.txt,10,h5,30,0.0118,True
sigma-4,mglcs_3_100_4_2.txt,10,h6,45,0.005,True
sigma-4,mglcs_3_100_4_2.txt,10,h7,35,0.0055,True
sigma-4,mglcs_3_100_4_2.txt,10,h8,27,0.009,True
sigma-4,mglcs_3_100_4_3.txt,10,h1,19,0.0045,True
sigma-4,mglcs_3_100_4_3.txt,10,h2,24,0.006,True
sigma-4,mglcs_3_100_4_3.txt,10,h3,18,0.0055,True
sigma-4,mglcs_3_100_4_3.txt,10,h4,22,0.005,True
sigma-4,mglcs_3_100_4_3.txt,10,h5,24,0.0095,True
sigma-4,mglcs_3_100_4_3.txt,10,h6,22,0.005,True
sigma-4,mglcs_3_100_4_3.txt,10,h7,23,0.005,True
sigma-4,mglcs_3_100_4_3.txt,10,h8,23,0.0075,True
sigma-4,mglcs_3_100_4_4.txt,10,h1,22,0.005,True
sigma-4,mglcs_3_100_4_4.txt,10,h2,41,0.0095,True
sigma-4,mglcs_3_100_4_4.txt,10,h3,36,0.0055,True
sigma-4,mglcs_3_100_4_4.txt,10,h4,25,0.006,True
sigma-4,mglcs_3_100_4_4.txt,10,h5,41,0.014,True
sigma-4,mglcs_3_100_4_4.txt,10,h6,40,0.0075,True
sigma-4,mglcs_3_100_4_4.txt,10,h7,41,0.007,True
sigma-4,mglcs_3_100_4_4.txt,10,h8,34,0.0065,True
sigma-4,mglcs_3_100_4_5.txt,10,h1,45,0.006,True
sigma-4,mglcs_3_100_4_5.txt,10,h2,33,0.0079,True
sigma-4,mglcs_3_100_4_5.txt,10,h3,44,0.006,True
sigma-4,mglcs_3_100_4_5.txt,10,h4,43,0.007,True
sigma-4,mglcs_3_100_4_5.txt,10,h5,50,0.014,True
sigma-4,mglcs_3_100_4_5.txt,10,h6,44,0.007,True
sigma-4,mglcs_3_100_4_5.txt,10,h7,33,0.0105,True
sigma-4,mglcs_3_100_4_5.txt,10,h8,40,0.0075,True
sigma-4,mglcs_3_100_4_6.txt,10,h1,41,0.005,True
sigma-4,mglcs_3_100_4_6.txt,10,h2,43,0.0065,True
sigma-4,mglcs_3_100_4_6.txt,10,h3,36,0.0055,True
sigma-4,mglcs_3_100_4_6.txt,10,h4,41,0.007,True
sigma-4,mglcs_3_100_4_6.txt,10,h5,46,0.0111,True
sigma-4,mglcs_3_100_4_6.txt,10,h6,39,0.0067,True
sigma-4,mglcs_3_100_4_6.txt,10,h7,45,0.0071,True
sigma-4,mglcs_3_100_4_6.txt,10,h8,32,0.008,True
sigma-4,mglcs_3_100_4_7.txt,10,h1,15,0.0035,True
sigma-4,mglcs_3_100_4_7.txt,10,h2,16,0.005,True
sigma-4,mglcs_3_100_4_7.txt,10,h3,23,0.004,True
sigma-4,mglcs_3_100_4_7.txt,10,h4,15,0.0045,True
sigma-4,mglcs_3_100_4_7.txt,10,h5,24,0.0095,True
sigma-4,mglcs_3_100_4_7.txt,10,h6,24,0.005,True
sigma-4,mglcs_3_100_4_7.txt,10,h7,23,0.0055,True
sigma-4,mglcs_3_100_4_7.txt,10,h8,14,0.0075,True
sigma-4,mglcs_3_100_4_8.txt,10,h1,42,0.0045,True
sigma-4,mglcs_3_100_4_8.txt,10,h2,27,0.005,True
sigma-4,mglcs_3_100_4_8.txt,10,h3,41,0.0055,True
sigma-4,mglcs_3_100_4_8.txt,10,h4,45,0.005,True
sigma-4,mglcs_3_100_4_8.txt,10,h5,30,0.0108,True
sigma-4,mglcs_3_100_4_8.txt,10,h6,26,0.0055,True
sigma-4,mglcs_3_100_4_8.txt,10,h7,26,0.0055,True
sigma-4,mglcs_3_100_4_8.txt,10,h8,33,0.006,True
sigma-4,mglcs_3_100_4_9.txt,10,h1,25,0.006,True
sigma-4,mglcs_3_100_4_9.txt,10,h2,29,0.0075,True
sigma-4,mglcs_3_100_4_9.txt,10,h3,22,0.005,True
sigma-4,mglcs_3_100_4_9.txt,10,h4,23,0.0074,True
sigma-4,mglcs_3_100_4_9.txt,10,h5,28,0.0115,True
sigma-4,mglcs_3_100_4_9.txt,10,h6,25,0.006,True
sigma-4,mglcs_3_100_4_9.txt,10,h7,27,0.0065,True
sigma-4,mglcs_3_100_4_9.txt,10,h8,26,0.0085,True
sigma-4,mglcs_3_200_4_0.txt,10,h1,77,0.0135,True
sigma-4,mglcs_3_200_4_0.txt,10,h2,43,0.0185,True
sigma-4,mglcs_3_200_4_0.txt,10,h3,82,0.0135,True
sigma-4,mglcs_3_200_4_0.txt,10,h4,43,0.017,True
sigma-4,mglcs_3_200_4_0.txt,10,h5,42,0.0285,True
sigma-4,mglcs_3_200_4_0.txt,10,h6,50,0.0178,True
sigma-4,mglcs_3_200_4_0.txt,10,h7,42,0.0177,True
sigma-4,mglcs_3_200_4_0.txt,10,h8,37,0.0251,True
sigma-4,mglcs_3_200_4_1.txt,10,h1,75,0.015,True
sigma-4,mglcs_3_200_4_1.txt,10,h2,56,0.0201,True
sigma-4,mglcs_3_200_4_1.txt,10,h3,52,0.0165,True
sigma-4,mglcs_3_200_4_1.txt,10,h4,79,0.0181,True
sigma-4,mglcs_3_200_4_1.txt,10,h5,57,0.034,True
sigma-4,mglcs_3_200_4_1.txt,10,h6,57,0.0209,True
sigma-4,mglcs_3_200_4_1.txt,10,h7,68,0.0218,True
sigma-4,mglcs_3_200_4_1.txt,10,h8,81,0.023,True
sigma-4,mglcs_3_200_4_2.txt,10,h1,84,0.017,True
sigma-4,mglcs_3_200_4_2.txt,10,h2,55,0.02,True
sigma-4,mglcs_3_200_4_2.txt,10,h3,87,0.0153,True
sigma-4,mglcs_3_200_4_2.txt,10,h4,43,0.0181,True
sigma-4,mglcs_3_200_4_2.txt,10,h5,85,0.0321,True
sigma-4,mglcs_3_200_4_2.txt,10,h6,94,0.017,True
sigma-4,mglcs_3_200_4_2.txt,10,h7,92,0.02,True
sigma-4,mglcs_3_200_4_2.txt,10,h8,39,0.0234,True
sigma-4,mglcs_3_200_4_3.txt,10,h1,83,0.0145,True
sigma-4,mglcs_3_200_4_3.txt,10,h2,58,0.0187,True
sigma-4,mglcs_3_200_4_3.txt,10,h3,44,0.0156,True
sigma-4,mglcs_3_200_4_3.txt,10,h4,47,0.0166,True
sigma-4,mglcs_3_200_4_3.txt,10,h5,88,0.0315,True
sigma-4,mglcs_3_200_4_3.txt,10,h6,63,0.0185,True
sigma-4,mglcs_3_200_4_3.txt,10,h7,44,0.0175,True
sigma-4,mglcs_3_200_4_3.txt,10,h8,35,0.0275,True
sigma-4,mglcs_3_200_4_4.txt,10,h1,78,0.0135,True
sigma-4,mglcs_3_200_4_4.txt,10,h2,65,0.0192,True
sigma-4,mglcs_3_200_4_4.txt,10,h3,63,0.014,True
sigma-4,mglcs_3_200_4_4.txt,10,h4,32,0.019,True
sigma-4,mglcs_3_200_4_4.txt,10,h5,93,0.0351,True
sigma-4,mglcs_3_200_4_4.txt,10,h6,40,0.016,True
sigma-4,mglcs_3_200_4_4.txt,10,h7,30,0.016,True
sigma-4,mglcs_3_200_4_4.txt,10,h8,48,0.0221,True
sigma-4,mglcs_3_200_4_5.txt,10,h1,50,0.016,True
sigma-4,mglcs_3_200_4_5.txt,10,h2,53,0.019,True
sigma-4,mglcs_3_200_4_5.txt,10,h3,86,0.017,True
sigma-4,mglcs_3_200_4_5.txt,10,h4,30,0.0174,True
sigma-4,mglcs_3_200_4_5.txt,10,h5,46,0.0305,True
sigma-4,mglcs_3_200_4_5.txt,10,h6,43,0.016,True
sigma-4,mglcs_3_200_4_5.txt,10,h7,46,0.018,True
sigma-4,mglcs_3_200_4_5.txt,10,h8,42,0.025,True
sigma-4,mglcs_3_200_4_6.txt,10,h1,36,0.012,True
sigma-4,mglcs_3_200_4_6.txt,10,h2,38,0.0155,True
sigma-4,mglcs_3_200_4_6.txt,10,h3,37,0.0129,True
sigma-4,mglcs_3_200_4_6.txt,10,h4,37,0.0153,True
sigma-4,mglcs_3_200_4_6.txt,10,h5,36,0.0255,True
sigma-4,mglcs_3_200_4_6.txt,10,h6,51,0.0115,True
sigma-4,mglcs_3_200_4_6.txt,10,h7,38,0.0161,True
sigma-4,mglcs_3_200_4_6.txt,10,h8,35,0.0246,True
sigma-4,mglcs_3_200_4_7.txt,10,h1,88,0.0155,True
sigma-4,mglcs_3_200_4_7.txt,10,h2,73,0.0225,True
sigma-4,mglcs_3_200_4_7.txt,10,h3,81,0.0185,True
sigma-4,mglcs_3_200_4_7.txt,10,h4,85,0.0172,True
sigma-4,mglcs_3_200_4_7.txt,10,h5,97,0.0325,True
sigma-4,mglcs_3_200_4_7.txt,10,h6,95,0.017,True
sigma-4,mglcs_3_200_4_7.txt,10,h7,100,0.0209,True
sigma-4,mglcs_3_200_4_7.txt,10,h8,82,0.023,True
sigma-4,mglcs_3_200_4_8.txt,10,h1,40,0.015,True
sigma-4,mglcs_3_200_4_8.txt,10,h2,95,0.0197,True
sigma-4,mglcs_3_200_4_8.txt,10,h3,47,0.0145,True
sigma-4,mglcs_3_200_4_8.txt,10,h4,32,0.0176,True
sigma-4,mglcs_3_200_4_8.txt,10,h5,51,0.0336,True
sigma-4,mglcs_3_200_4_8.txt,10,h6,50,0.0186,True
sigma-4,mglcs_3_200_4_8.txt,10,h7,50,0.0249,True
sigma-4,mglcs_3_200_4_8.txt,10,h8,35,0.0271,True
sigma-4,mglcs_3_200_4_9.txt,10,h1,67,0.0186,True
sigma-4,mglcs_3_200_4_9.txt,10,h2,59,0.0197,True
sigma-4,mglcs_3_200_4_9.txt,10,h3,57,0.0196,True
sigma-4,mglcs_3_200_4_9.txt,10,h4,59,0.0176,True
sigma-4,mglcs_3_200_4_9.txt,10,h5,64,0.032,True
sigma-4,mglcs_3_200_4_9.txt,10,h6,42,0.0183,True
sigma-4,mglcs_3_200_4_9.txt,10,h7,60,0.0196,True
sigma-4,mglcs_3_200_4_9.txt,10,h8,57,0.0235,True
sigma-4,mglcs_3_50_4_0.txt,10,h1,20,0.002,True
sigma-4,mglcs_3_50_4_0.txt,10,h2,23,0.002,True
sigma-4,mglcs_3_50_4_0.txt,10,h3,18,0.001,True
sigma-4,mglcs_3_50_4_0.txt,10,h4,18,0.002,True
sigma-4,mglcs_3_50_4_0.txt,10,h5,23,0.0045,True
sigma-4,mglcs_3_50_4_0.txt,10,h6,23,0.002,True
sigma-4,mglcs_3_50_4_0.txt,10,h7,23,0.002,True
sigma-4,mglcs_3_50_4_0.txt,10,h8,20,0.002,True
sigma-4,mglcs_3_50_4_1.txt,10,h1,19,0.002,True
sigma-4,mglcs_3_50_4_1.txt,10,h2,21,0.002,True
sigma-4,mglcs_3_50_4_1.txt,10,h3,16,0.0015,True
sigma-4,mglcs_3_50_4_1.txt,10,h4,18,0.003,True
sigma-4,mglcs_3_50_4_1.txt,10,h5,24,0.004,True
sigma-4,mglcs_3_50_4_1.txt,10,h6,18,0.002,True
sigma-4,mglcs_3_50_4_1.txt,10,h7,21,0.0021,True
sigma-4,mglcs_3_50_4_1.txt,10,h8,16,0.002,True
sigma-4,mglcs_3_50_4_2.txt,10,h1,12,0.0021,True
sigma-4,mglcs_3_50_4_2.txt,10,h2,12,0.002,True
sigma-4,mglcs_3_50_4_2.txt,10,h3,12,0.002,True
sigma-4,mglcs_3_50_4_2.txt,10,h4,12,0.002,True
sigma-4,mglcs_3_50_4_2.txt,10,h5,12,0.0035,True
sigma-4,mglcs_3_50_4_2.txt,10,h6,12,0.001,True
sigma-4,mglcs_3_50_4_2.txt,10,h7,12,0.002,True
sigma-4,mglcs_3_50_4_2.txt,10,h8,12,0.003,True
sigma-4,mglcs_3_50_4_3.txt,10,h1,20,0.002,True
sigma-4,mglcs_3_50_4_3.txt,10,h2,21,0.002,True
sigma-4,mglcs_3_50_4_3.txt,10,h3,22,0.003,True
sigma-4,mglcs_3_50_4_3.txt,10,h4,20,0.0025,True
sigma-4,mglcs_3_50_4_3.txt,10,h5,23,0.004,True
sigma-4,mglcs_3_50_4_3.txt,10,h6,22,0.0035,True
sigma-4,mglcs_3_50_4_3.txt,10,h7,23,0.003,True
sigma-4,mglcs_3_50_4_3.txt,10,h8,18,0.003,True
sigma-4,mglcs_3_50_4_4.txt,10,h1,18,0.001,True
sigma-4,mglcs_3_50_4_4.txt,10,h2,21,0.003,True
sigma-4,mglcs_3_50_4_4.txt,10,h3,19,0.0025,True
sigma-4,mglcs_3_50_4_4.txt,10,h4,19,0.002,True
sigma-4,mglcs_3_50_4_4.txt,10,h5,21,0.005,True
sigma-4,mglcs_3_50_4_4.txt,10,h6,19,0.002,True
sigma-4,mglcs_3_50_4_4.txt,10,h7,21,0.0023,True
sigma-4,mglcs_3_50_4_4.txt,10,h8,15,0.0025,True
sigma-4,mglcs_3_50_4_5.txt,10,h1,20,0.0021,True
sigma-4,mglcs_3_50_4_5.txt,10,h2,13,0.002,True
sigma-4,mglcs_3_50_4_5.txt,10,h3,12,0.002,True
sigma-4,mglcs_3_50_4_5.txt,10,h4,20,0.002,True
sigma-4,mglcs_3_50_4_5.txt,10,h5,13,0.0042,True
sigma-4,mglcs_3_50_4_5.txt,10,h6,20,0.002,True
sigma-4,mglcs_3_50_4_5.txt,10,h7,13,0.002,True
sigma-4,mglcs_3_50_4_5.txt,10,h8,19,0.003,True
sigma-4,mglcs_3_50_4_6.txt,10,h1,21,0.002,True
sigma-4,mglcs_3_50_4_6.txt,10,h2,22,0.003,True
sigma-4,mglcs_3_50_4_6.txt,10,h3,21,0.0025,True
sigma-4,mglcs_3_50_4_6.txt,10,h4,19,0.002,True
sigma-4,mglcs_3_50_4_6.txt,10,h5,25,0.005,True
sigma-4,mglcs_3_50_4_6.txt,10,h6,23,0.0025,True
sigma-4,mglcs_3_50_4_6.txt,10,h7,13,0.003,True
sigma-4,mglcs_3_50_4_6.txt,10,h8,18,0.002,True
sigma-4,mglcs_3_50_4_7.txt,10,h1,19,0.002,True
sigma-4,mglcs_3_50_4_7.txt,10,h2,21,0.003,True
sigma-4,mglcs_3_50_4_7.txt,10,h3,15,0.001,True
sigma-4,mglcs_3_50_4_7.txt,10,h4,20,0.0033,True
sigma-4,mglcs_3_50_4_7.txt,10,h5,21,0.004,True
sigma-4,mglcs_3_50_4_7.txt,10,h6,18,0.002,True
sigma-4,mglcs_3_50_4_7.txt,10,h7,21,0.0025,True
sigma-4,mglcs_3_50_4_7.txt,10,h8,16,0.003,True
sigma-4,mglcs_3_50_4_8.txt,10,h1,19,0.0015,True
sigma-4,mglcs_3_50_4_8.txt,10,h2,23,0.003,True
sigma-4,mglcs_3_50_4_8.txt,10,h3,22,0.002,True
sigma-4,mglcs_3_50_4_8.txt,10,h4,22,0.003,True
sigma-4,mglcs_3_50_4_8.txt,10,h5,23,0.0045,True
sigma-4,mglcs_3_50_4_8.txt,10,h6,22,0.0025,True
sigma-4,mglcs_3_50_4_8.txt,10,h7,23,0.003,True
sigma-4,mglcs_3_50_4_8.txt,10,h8,18,0.0025,True
sigma-4,mglcs_3_50_4_9.txt,10,h1,19,0.002,True
sigma-4,mglcs_3_50_4_9.txt,10,h2,23,0.0015,True
sigma-4,mglcs_3_50_4_9.txt,10,h3,20,0.002,True
sigma-4,mglcs_3_50_4_9.txt,10,h4,22,0.003,True
sigma-4,mglcs_3_50_4_9.txt,10,h5,22,0.004,True
sigma-4,mglcs_3_50_4_9.txt,10,h6,22,0.0025,True
sigma-4,mglcs_3_50_4_9.txt,10,h7,23,0.002,True
sigma-4,mglcs_3_50_4_9.txt,10,h8,19,0.003,True
sigma-4,mglcs_5_100_4_0.txt,10,h1,13,0.003,True
sigma-4,mglcs_5_100_4_0.txt,10,h2,13,0.0021,True
sigma-4,mglcs_5_100_4_0.txt,10,h3,13,0.0035,True
sigma-4,mglcs_5_100_4_0.txt,10,h4,13,0.002,True
sigma-4,mglcs_5_100_4_0.txt,10,h5,13,0.004,True
sigma-4,mglcs_5_100_4_0.txt,10,h6,13,0.0025,True
sigma-4,mglcs_5_100_4_0.txt,10,h7,13,0.003,True
sigma-4,mglcs_5_100_4_0.txt,10,h8,13,0.007,True
sigma-4,mglcs_5_100_4_1.txt,10,h1,8,0.002,True
sigma-4,mglcs_5_100_4_1.txt,10,h2,8,0.0025,True
sigma-4,mglcs_5_100_4_1.txt,10,h3,8,0.002,True
sigma-4,mglcs_5_100_4_1.txt,10,h4,8,0.002,True
sigma-4,mglcs_5_100_4_1.txt,10,h5,8,0.003,True
sigma-4,mglcs_5_100_4_1.txt,10,h6,8,0.002,True
sigma-4,mglcs_5_100_4_1.txt,10,h7,8,0.0023,True
sigma-4,mglcs_5_100_4_1.txt,10,h8,8,0.007,True
sigma-4,mglcs_5_100_4_2.txt,10,h1,4,0.002,True
sigma-4,mglcs_5_100_4_2.txt,10,h2,8,0.0025,True
sigma-4,mglcs_5_100_4_2.txt,10,h3,8,0.003,True
sigma-4,mglcs_5_100_4_2.txt,10,h4,5,0.003,True
sigma-4,mglcs_5_100_4_2.txt,10,h5,4,0.004,True
sigma-4,mglcs_5_100_4_2.txt,10,h6,7,0.0025,True
sigma-4,mglcs_5_100_4_2.txt,10,h7,8,0.002,True
sigma-4,mglcs_5_100_4_2.txt,10,h8,8,0.0095,True
sigma-4,mglcs_5_100_4_3.txt,10,h1,9,0.003,True
sigma-4,mglcs_5_100_4_3.txt,10,h2,9,0.004,True
sigma-4,mglcs_5_100_4_3.txt,10,h3,9,0.0041,True
sigma-4,mglcs_5_100_4_3.txt,10,h4,9,0.004,True
sigma-4,mglcs_5_100_4_3.txt,10,h5,9,0.0055,True
sigma-4,mglcs_5_100_4_3.txt,10,h6,9,0.004,True
sigma-4,mglcs_5_100_4_3.txt,10,h7,9,0.003,True
sigma-4,mglcs_5_100_4_3.txt,10,h8,9,0.0085,True
sigma-4,mglcs_5_100_4_4.txt,10,h1,9,0.002,True
sigma-4,mglcs_5_100_4_4.txt,10,h2,9,0.002,True
sigma-4,mglcs_5_100_4_4.txt,10,h3,9,0.0025,True
sigma-4,mglcs_5_100_4_4.txt,10,h4,9,0.002,True
sigma-4,mglcs_5_100_4_4.txt,10,h5,9,0.004,True
sigma-4,mglcs_5_100_4_4.txt,10,h6,9,0.002,True
sigma-4,mglcs_5_100_4_4.txt,10,h7,9,0.0015,True
sigma-4,mglcs_5_100_4_4.txt,10,h8,9,0.0076,True
sigma-4,mglcs_5_100_4_5.txt,10,h1,11,0.0045,True
sigma-4,mglcs_5_100_4_5.txt,10,h2,12,0.005,True
sigma-4,mglcs_5_100_4_5.txt,10,h3,12,0.0051,True
sigma-4,mglcs_5_100_4_5.txt,10,h4,12,0.005,True
sigma-4,mglcs_5_100_4_5.txt,10,h5,12,0.0083,True
sigma-4,mglcs_5_100_4_5.txt,10,h6,12,0.004,True
sigma-4,mglcs_5_100_4_5.txt,10,h7,12,0.0055,True
sigma-4,mglcs_5_100_4_5.txt,10,h8,12,0.0085,True
sigma-4,mglcs_5_100_4_6.txt,10,h1,16,0.0031,True
sigma-4,mglcs_5_100_4_6.txt,10,h2,16,0.004,True
sigma-4,mglcs_5_100_4_6.txt,10,h3,16,0.003,True
sigma-4,mglcs_5_100_4_6.txt,10,h4,10,0.0035,True
sigma-4,mglcs_5_100_4_6.txt,10,h5,13,0.006,True
sigma-4,mglcs_5_100_4_6.txt,10,h6,16,0.0031,True
sigma-4,mglcs_5_100_4_6.txt,10,h7,16,0.003,True
sigma-4,mglcs_5_100_4_6.txt,10,h8,16,0.0065,True
sigma-4,mglcs_5_100_4_7.txt,10,h1,18,0.003,True
sigma-4,mglcs_5_100_4_7.txt,10,h2,18,0.0022,True
sigma-4,mglcs_5_100_4_7.txt,10,h3,18,0.003,True
sigma-4,mglcs_5_100_4_7.txt,10,h4,18,0.003,True
sigma-4,mglcs_5_100_4_7.txt,10,h5,18,0.0041,True
sigma-4,mglcs_5_100_4_7.txt,10,h6,18,0.003,True
sigma-4,mglcs_5_100_4_7.txt,10,h7,18,0.003,True
sigma-4,mglcs_5_100_4_7.txt,10,h8,18,0.0055,True
sigma-4,mglcs_5_100_4_8.txt,10,h1,14,0.003,True
sigma-4,mglcs_5_100_4_8.txt,10,h2,19,0.003,True
sigma-4,mglcs_5_100_4_8.txt,10,h3,19,0.0035,True
sigma-4,mglcs_5_100_4_8.txt,10,h4,18,0.004,True
sigma-4,mglcs_5_100_4_8.txt,10,h5,19,0.0055,True
sigma-4,mglcs_5_100_4_8.txt,10,h6,19,0.003,True
sigma-4,mglcs_5_100_4_8.txt,10,h7,19,0.004,True
sigma-4,mglcs_5_100_4_8.txt,10,h8,13,0.0045,True
sigma-4,mglcs_5_100_4_9.txt,10,h1,13,0.004,True
sigma-4,mglcs_5_100_4_9.txt,10,h2,13,0.003,True
sigma-4,mglcs_5_100_4_9.txt,10,h3,13,0.0025,True
sigma-4,mglcs_5_100_4_9.txt,10,h4,13,0.003,True
sigma-4,mglcs_5_100_4_9.txt,10,h5,13,0.005,True
sigma-4,mglcs_5_100_4_9.txt,10,h6,13,0.0015,True
sigma-4,mglcs_5_100_4_9.txt,10,h7,13,0.002,True
sigma-4,mglcs_5_100_4_9.txt,10,h8,13,0.0065,True
sigma-4,mglcs_5_200_4_0.txt,10,h1,20,0.0105,True
sigma-4,mglcs_5_200_4_0.txt,10,h2,22,0.0157,True
sigma-4,mglcs_5_200_4_0.txt,10,h3,32,0.0132,True
sigma-4,mglcs_5_200_4_0.txt,10,h4,22,0.0115,True
sigma-4,mglcs_5_200_4_0.txt,10,h5,21,0.016,True
sigma-4,mglcs_5_200_4_0.txt,10,h6,22,0.0125,True
sigma-4,mglcs_5_200_4_0.txt,10,h7,22,0.0127,True
sigma-4,mglcs_5_200_4_0.txt,10,h8,14,0.0421,True
sigma-4,mglcs_5_200_4_1.txt,10,h1,15,0.0081,True
sigma-4,mglcs_5_200_4_1.txt,10,h2,15,0.0126,True
sigma-4,mglcs_5_200_4_1.txt,10,h3,15,0.0155,True
sigma-4,mglcs_5_200_4_1.txt,10,h4,10,0.009,True
sigma-4,mglcs_5_200_4_1.txt,10,h5,10,0.0115,True
sigma-4,mglcs_5_200_4_1.txt,10,h6,9,0.0075,True
sigma-4,mglcs_5_200_4_1.txt,10,h7,9,0.0084,True
sigma-4,mglcs_5_200_4_1.txt,10,h8,9,0.0505,True
sigma-4,mglcs_5_200_4_2.txt,10,h1,21,0.0127,True
sigma-4,mglcs_5_200_4_2.txt,10,h2,21,0.011,True
sigma-4,mglcs_5_200_4_2.txt,10,h3,21,0.0115,True
sigma-4,mglcs_5_200_4_2.txt,10,h4,21,0.0125,True
sigma-4,mglcs_5_200_4_2.txt,10,h5,21,0.0173,True
sigma-4,mglcs_5_200_4_2.txt,10,h6,21,0.0115,True
sigma-4,mglcs_5_200_4_2.txt,10,h7,21,0.0111,True
sigma-4,mglcs_5_200_4_2.txt,10,h8,21,0.0315,True
sigma-4,mglcs_5_200_4_3.txt,10,h1,17,0.0075,True
sigma-4,mglcs_5_200_4_3.txt,10,h2,17,0.0065,True
sigma-4,mglcs_5_200_4_3.txt,10,h3,17,0.0065,True
sigma-4,mglcs_5_200_4_3.txt,10,h4,17,0.007,True
sigma-4,mglcs_5_200_4_3.txt,10,h5,17,0.011,True
sigma-4,mglcs_5_200_4_3.txt,10,h6,17,0.008,True
sigma-4,mglcs_5_200_4_3.txt,10,h7,17,0.0085,True
sigma-4,mglcs_5_200_4_3.txt,10,h8,17,0.0406,True
sigma-4,mglcs_5_200_4_4.txt,10,h1,20,0.0135,True
sigma-4,mglcs_5_200_4_4.txt,10,h2,22,0.013,True
sigma-4,mglcs_5_200_4_4.txt,10,h3,17,0.0135,True
sigma-4,mglcs_5_200_4_4.txt,10,h4,20,0.0145,True
sigma-4,mglcs_5_200_4_4.txt,10,h5,19,0.0229,True
sigma-4,mglcs_5_200_4_4.txt,10,h6,20,0.015,True
sigma-4,mglcs_5_200_4_4.txt,10,h7,16,0.0177,True
sigma-4,mglcs_5_200_4_4.txt,10,h8,20,0.0375,True
sigma-4,mglcs_5_200_4_5.txt,10,h1,15,0.0115,True
sigma-4,mglcs_5_200_4_5.txt,10,h2,15,0.012,True
sigma-4,mglcs_5_200_4_5.txt,10,h3,14,0.013,True
sigma-4,mglcs_5_200_4_5.txt,10,h4,18,0.0132,True
sigma-4,mglcs_5_200_4_5.txt,10,h5,15,0.018,True
sigma-4,mglcs_5_200_4_5.txt,10,h6,15,0.0125,True
sigma-4,mglcs_5_200_4_5.txt,10,h7,15,0.012,True
sigma-4,mglcs_5_200_4_5.txt,10,h8,12,0.0466,True
sigma-4,mglcs_5_200_4_6.txt,10,h1,18,0.0095,True
sigma-4,mglcs_5_200_4_6.txt,10,h2,15,0.0125,True
sigma-4,mglcs_5_200_4_6.txt,10,h3,13,0.0125,True
sigma-4,mglcs_5_200_4_6.txt,10,h4,12,0.0139,True
sigma-4,mglcs_5_200_4_6.txt,10,h5,12,0.0161,True
sigma-4,mglcs_5_200_4_6.txt,10,h6,15,0.0119,True
sigma-4,mglcs_5_200_4_6.txt,10,h7,16,0.012,True
sigma-4,mglcs_5_200_4_6.txt,10,h8,16,0.0371,True
sigma-4,mglcs_5_200_4_7.txt,10,h1,12,0.0105,True
sigma-4,mglcs_5_200_4_7.txt,10,h2,18,0.0136,True
sigma-4,mglcs_5_200_4_7.txt,10,h3,12,0.0095,True
sigma-4,mglcs_5_200_4_7.txt,10,h4,12,0.0085,True
sigma-4,mglcs_5_200_4_7.txt,10,h5,18,0.0156,True
sigma-4,mglcs_5_200_4_7.txt,10,h6,12,0.0085,True
sigma-4,mglcs_5_200_4_7.txt,10,h7,15,0.0135,True
sigma-4,mglcs_5_200_4_7.txt,10,h8,12,0.038,True
sigma-4,mglcs_5_200_4_8.txt,10,h1,9,0.0077,True
sigma-4,mglcs_5_200_4_8.txt,10,h2,9,0.0095,True
sigma-4,mglcs_5_200_4_8.txt,10,h3,9,0.0075,True
sigma-4,mglcs_5_200_4_8.txt,10,h4,14,0.0095,True
sigma-4,mglcs_5_200_4_8.txt,10,h5,9,0.0134,True
sigma-4,mglcs_5_200_4_8.txt,10,h6,14,0.007,True
sigma-4,mglcs_5_200_4_8.txt,10,h7,14,0.0095,True
sigma-4,mglcs_5_200_4_8.txt,10,h8,9,0.0292,True
sigma-4,mglcs_5_200_4_9.txt,10,h1,13,0.0095,True
sigma-4,mglcs_5_200_4_9.txt,10,h2,16,0.0075,True
sigma-4,mglcs_5_200_4_9.txt,10,h3,13,0.0086,True
sigma-4,mglcs_5_200_4_9.txt,10,h4,13,0.009,True
sigma-4,mglcs_5_200_4_9.txt,10,h5,13,0.0115,True
sigma-4,mglcs_5_200_4_9.txt,10,h6,13,0.0075,True
sigma-4,mglcs_5_200_4_9.txt,10,h7,16,0.008,True
sigma-4,mglcs_5_200_4_9.txt,10,h8,12,0.0396,True
sigma-4,mglcs_5_50_4_0.txt,10,h1,11,0.002,True
sigma-4,mglcs_5_50_4_0.txt,10,h2,11,0.002,True
sigma-4,mglcs_5_50_4_0.txt,10,h3,11,0.0015,True
sigma-4,mglcs_5_50_4_0.txt,10,h4,11,0.0025,True
sigma-4,mglcs_5_50_4_0.txt,10,h5,11,0.0031,True
sigma-4,mglcs_5_50_4_0.txt,10,h6,11,0.0016,True
sigma-4,mglcs_5_50_4_0.txt,10,h7,11,0.0021,True
sigma-4,mglcs_5_50_4_0.txt,10,h8,11,0.0016,True
sigma-4,mglcs_5_50_4_1.txt,10,h1,15,0.0016,True
sigma-4,mglcs_5_50_4_1.txt,10,h2,15,0.0026,True
sigma-4,mglcs_5_50_4_1.txt,10,h3,15,0.0021,True
sigma-4,mglcs_5_50_4_1.txt,10,h4,15,0.0026,True
sigma-4,mglcs_5_50_4_1.txt,10,h5,15,0.0042,True
sigma-4,mglcs_5_50_4_1.txt,10,h6,15,0.0021,True
sigma-4,mglcs_5_50_4_1.txt,10,h7,15,0.0021,True
sigma-4,mglcs_5_50_4_1.txt,10,h8,15,0.003,True
sigma-4,mglcs_5_50_4_2.txt,10,h1,10,0.0021,True
sigma-4,mglcs_5_50_4_2.txt,10,h2,10,0.0022,True
sigma-4,mglcs_5_50_4_2.txt,10,h3,10,0.0021,True
sigma-4,mglcs_5_50_4_2.txt,10,h4,10,0.0026,True
sigma-4,mglcs_5_50_4_2.txt,10,h5,10,0.0032,True
sigma-4,mglcs_5_50_4_2.txt,10,h6,10,0.0016,True
sigma-4,mglcs_5_50_4_2.txt,10,h7,10,0.0021,True
sigma-4,mglcs_5_50_4_2.txt,10,h8,10,0.0032,True
sigma-4,mglcs_5_50_4_3.txt,10,h1,8,0.0016,True
sigma-4,mglcs_5_50_4_3.txt,10,h2,8,0.001,True
sigma-4,mglcs_5_50_4_3.txt,10,h3,8,0.001,True
sigma-4,mglcs_5_50_4_3.txt,10,h4,8,0.001,True
sigma-4,mglcs_5_50_4_3.txt,10,h5,8,0.0027,True
sigma-4,mglcs_5_50_4_3.txt,10,h6,8,0.001,True
sigma-4,mglcs_5_50_4_3.txt,10,h7,8,0.001,True
sigma-4,mglcs_5_50_4_3.txt,10,h8,8,0.002,True
sigma-4,mglcs_5_50_4_4.txt,10,h1,14,0.0021,True
sigma-4,mglcs_5_50_4_4.txt,10,h2,15,0.0027,True
sigma-4,mglcs_5_50_4_4.txt,10,h3,15,0.0015,True
sigma-4,mglcs_5_50_4_4.txt,10,h4,17,0.002,True
sigma-4,mglcs_5_50_4_4.txt,10,h5,17,0.0033,True
sigma-4,mglcs_5_50_4_4.txt,10,h6,15,0.003,True
sigma-4,mglcs_5_50_4_4.txt,10,h7,15,0.001,True
sigma-4,mglcs_5_50_4_4.txt,10,h8,12,0.0033,True
sigma-4,mglcs_5_50_4_5.txt,10,h1,10,0.001,True
sigma-4,mglcs_5_50_4_5.txt,10,h2,10,0.001,True
sigma-4,mglcs_5_50_4_5.txt,10,h3,10,0.001,True
sigma-4,mglcs_5_50_4_5.txt,10,h4,10,0.001,True
sigma-4,mglcs_5_50_4_5.txt,10,h5,10,0.0015,True
sigma-4,mglcs_5_50_4_5.txt,10,h6,10,0.001,True
sigma-4,mglcs_5_50_4_5.txt,10,h7,10,0.001,True
sigma-4,mglcs_5_50_4_5.txt,10,h8,10,0.002,True
sigma-4,mglcs_5_50_4_6.txt,10,h1,6,0.0015,True
sigma-4,mglcs_5_50_4_6.txt,10,h2,10,0.001,True
sigma-4,mglcs_5_50_4_6.txt,10,h3,6,0.001,True
sigma-4,mglcs_5_50_4_6.txt,10,h4,6,0.001,True
sigma-4,mglcs_5_50_4_6.txt,10,h5,10,0.002,True
sigma-4,mglcs_5_50_4_6.txt,10,h6,6,0.001,True
sigma-4,mglcs_5_50_4_6.txt,10,h7,10,0.001,True
sigma-4,mglcs_5_50_4_6.txt,10,h8,5,0.0025,True
sigma-4,mglcs_5_50_4_7.txt,10,h1,5,0.001,True
sigma-4,mglcs_5_50_4_7.txt,10,h2,5,0.001,True
sigma-4,mglcs_5_50_4_7.txt,10,h3,5,0.001,True
sigma-4,mglcs_5_50_4_7.txt,10,h4,5,0.0005,True
sigma-4,mglcs_5_50_4_7.txt,10,h5,5,0.001,True
sigma-4,mglcs_5_50_4_7.txt,10,h6,5,0.001,True
sigma-4,mglcs_5_50_4_7.txt,10,h7,5,0.001,True
sigma-4,mglcs_5_50_4_7.txt,10,h8,5,0.003,True
sigma-4,mglcs_5_50_4_8.txt,10,h1,7,0.001,True
sigma-4,mglcs_5_50_4_8.txt,10,h2,7,0.002,True
sigma-4,mglcs_5_50_4_8.txt,10,h3,7,0.001,True
sigma-4,mglcs_5_50_4_8.txt,10,h4,7,0.002,True
sigma-4,mglcs_5_50_4_8.txt,10,h5,7,0.0015,True
sigma-4,mglcs_5_50_4_8.txt,10,h6,7,0.002,True
sigma-4,mglcs_5_50_4_8.txt,10,h7,7,0.001,True
sigma-4,mglcs_5_50_4_8.txt,10,h8,7,0.003,True
sigma-4,mglcs_5_50_4_9.txt,10,h1,8,0.002,True
sigma-4,mglcs_5_50_4_9.txt,10,h2,9,0.001,True
sigma-4,mglcs_5_50_4_9.txt,10,h3,8,0.001,True
sigma-4,mglcs_5_50_4_9.txt,10,h4,9,0.002,True
sigma-4,mglcs_5_50_4_9.txt,10,h5,9,0.0025,True
sigma-4,mglcs_5_50_4_9.txt,10,h6,8,0.001,True
sigma-4,mglcs_5_50_4_9.txt,10,h7,9,0.002,True
sigma-4,mglcs_5_50_4_9.txt,10,h8,9,0.003,True
